db_name,GCA,Trechiama_lewisi,Coccinella_septempunctata,Onthophagus_taurus,Agrilus_planipennis,Nicrophorus_vespilloides,Abscondita_terminalis,Cylas_formicarius,Aethina_tumida,Anoplophora_glabripennis,Tribolium_castaneum,Dorcus_parallelipipedus,Holotrichia_parallela
GCA_965642435.1_icCanDeci3.1_genomic,GCA_965642435.1,3.43e-14,2.56e-23,1.73e-31,1.54e-28,3.02e-19,2.2799999999999996e-63,2.61e-12,8.170000000000001e-09,1.33e-39,1.1599999999999999e-34,3.4499999999999996e-39,4.87e-31
GCA_033557385.1_ASM3355738v1_genomic,GCA_033557385.1,,,4.22e-08,,1.19e-06,,,1.14e-06,,1.9e-06,,4.0899999999999996e-08
GCA_951805265.1_icSchPect1.1_genomic,GCA_951805265.1,1.0199999999999997e-51,2.26e-67,7.76e-54,2.0999999999999995e-70,1.0999999999999998e-71,7.509999999999998e-73,9.159999999999999e-76,6.129999999999999e-71,2.1099999999999995e-110,1.9499999999999995e-135,1.2799999999999996e-94,9.59e-85
GCA_917834065.1_PGI_CEUTPL_v4_genomic,GCA_917834065.1,2.86e-06,6.13e-18,1.18e-12,7.34e-19,8.99e-13,8.41e-08,3.67e-38,4.59e-12,5.54e-31,5.0100000000000005e-27,1.26e-14,1.0199999999999999e-07
GCA_050230155.1_HU_Nerr_1.0_genomic,GCA_050230155.1,0.0,3.2499999999999994e-36,5.25e-34,1.4999999999999999e-44,1.4099999999999999e-30,1.5999999999999998e-30,1.0499999999999999e-35,2.4199999999999996e-43,2.22e-44,5.779999999999999e-38,9.65e-51,2.7199999999999997e-43
GCA_935421215.2_icMelMelo1.2_genomic,GCA_935421215.2,,,2.32e-09,,,1.5e-06,,,4.77e-08,1e-05,2.0899999999999998e-12,9.589999999999999e-26
GCA_020740385.1_SNNU_Mpha_1.0_genomic,GCA_020740385.1,9.779999999999999e-39,2.41e-55,5.93e-42,1.51e-58,8.179999999999999e-44,2.5099999999999997e-60,3.289999999999999e-63,1.0599999999999998e-63,9.179999999999997e-95,1.72e-87,3.22e-71,1.6099999999999998e-57
GCA_963920755.1_icCarBifa1.1_genomic,GCA_963920755.1,1.7099999999999998e-22,2.56e-46,1.49e-34,1.08e-34,9.26e-21,2.5e-35,5.33e-25,4.31e-27,3.23e-51,4.44e-45,8.369999999999998e-48,7.94e-41
GCA_947563755.1_icLocCrat2.1_genomic,GCA_947563755.1,1.15e-28,7.42e-53,3.87e-39,7.95e-48,7.83e-36,1.09e-36,2.5e-40,1.11e-34,1.86e-88,1.0100000000000001e-54,1.1900000000000002e-45,3.3999999999999997e-44
GCA_963966045.2_icXesRufo2.2_genomic,GCA_963966045.2,,,,4.4e-06,,3.9899999999999997e-10,,,1.82e-11,1.58e-13,6.55e-09,
GCA_964212005.1_icStiScut1.hap1.1_genomic,GCA_964212005.1,2.04e-48,2.5599999999999993e-69,2.11e-52,6.92e-76,8.71e-68,2.9799999999999996e-71,1.6899999999999995e-94,4.479999999999999e-90,0.0,1.5599999999999997e-107,5.379999999999998e-91,6.979999999999998e-80
GCA_949316355.1_icBruSili1.1_genomic,GCA_949316355.1,1.16e-31,4.2899999999999995e-55,7.85e-34,1.0499999999999999e-51,4.809999999999999e-40,2.0300000000000002e-41,6.49e-50,5.2399999999999994e-62,7.699999999999998e-103,3.6699999999999996e-64,2.3799999999999997e-67,1.47e-47
GCA_018342105.1_ULB_GQUI_1.0_genomic,GCA_018342105.1,4.37e-46,1.8899999999999997e-64,5.82e-61,1.4899999999999999e-75,9.32e-59,1.0099999999999999e-75,1.4099999999999998e-83,3.649999999999999e-92,0.0,5.549999999999999e-108,2.9999999999999995e-95,2.689999999999999e-75
GCA_939628115.1_Tfree1.0_genomic,GCA_939628115.1,7.82e-44,7.29e-58,4.78e-56,1.0499999999999998e-65,1.8100000000000003e-55,8.009999999999999e-53,4.8599999999999995e-73,4.989999999999999e-78,3.2699999999999994e-111,0.0,5.939999999999998e-82,4.2999999999999995e-69
GCA_965642125.1_icCatNigr1.hap1.1_genomic,GCA_965642125.1,,,,,,,,,,,,
GCA_036711975.1_IU_Otau_3.0_genomic,GCA_036711975.1,,,,,,,,,,,,
GCA_965260835.1_icLeiDefl1.hap1.1_genomic,GCA_965260835.1,,4.8e-12,6.3700000000000006e-15,2.33e-09,7.84e-18,5.62e-17,1.0300000000000001e-29,1.6899999999999999e-12,1.8e-21,1.15e-27,4.99e-23,3.4e-16
GCA_016904865.1_GSC_weevil_1.0_genomic,GCA_016904865.1,4.11e-06,1.8899999999999997e-11,4.11e-06,1.5e-09,1.6200000000000002e-16,2.96e-11,5.52e-29,1.52e-12,1.09e-19,1.2099999999999998e-21,1.06e-14,1.59e-12
GCA_033557875.1_ASM3355787v1_genomic,GCA_033557875.1,1.0300000000000001e-19,7.119999999999999e-20,2.62e-19,1.25e-27,3.63e-17,4.2199999999999995e-32,2.44e-19,1.45e-18,9.52e-33,2.26e-29,9.529999999999999e-37,9.08e-22
GCA_921294245.1_PGI_MELIAE_v1_genomic,GCA_921294245.1,7.62e-46,9.999999999999999e-55,7.43e-43,1.0199999999999998e-61,3.5899999999999997e-56,5.7399999999999994e-58,1.2399999999999997e-76,1.39e-117,5.879999999999998e-113,7.779999999999997e-95,5.279999999999999e-71,2.9699999999999993e-69
GCA_040894065.1_TRW_Ebra_1.0_genomic,GCA_040894065.1,3.04e-06,1.19e-11,7.64e-07,4.12e-08,1.0699999999999999e-13,1.67e-13,1.09e-27,5.57e-13,4.12e-16,1.84e-15,2.72e-20,1.8199999999999998e-13
GCA_037954035.1_Rfune_1.0_genomic,GCA_037954035.1,6.79e-47,1.1999999999999997e-65,1.82e-54,1.0199999999999998e-76,2.6699999999999994e-60,4.819999999999999e-78,1.0199999999999996e-87,1.8499999999999995e-82,0.0,1.7099999999999995e-100,1.8499999999999997e-90,1.0999999999999997e-73
GCA_018845635.2_ASM1884563v2_genomic,GCA_018845635.2,2.38e-41,1.04e-39,3.34e-47,1.93e-56,0.0,1.98e-55,1.6399999999999995e-41,1.09e-51,7.009999999999998e-82,2.4099999999999997e-62,8.849999999999998e-76,5.659999999999999e-70
GCA_036250285.1_FXH_PpeL_2.0_genomic,GCA_036250285.1,1.1e-17,6.69e-20,3.0899999999999997e-20,5.98e-26,1.97e-19,9.129999999999999e-66,2.92e-17,2.38e-20,5.1799999999999996e-42,5.28e-35,1.83e-39,2.3400000000000003e-27
GCA_029378335.1_ASM2937833v1_genomic,GCA_029378335.1,8.920000000000001e-43,2.38e-56,3.02e-48,0.0,4.29e-48,5.8799999999999995e-71,9.369999999999999e-59,4.04e-59,3.4999999999999997e-84,2.4399999999999993e-73,6.969999999999999e-75,6.199999999999999e-63
GCA_015342065.1_ASM1534206v1_genomic,GCA_015342065.1,2.7899999999999997e-43,1.1099999999999998e-59,2.5999999999999994e-51,1.0499999999999998e-78,4.74e-59,2.41e-67,8.379999999999999e-88,7.799999999999999e-85,0.0,6.029999999999999e-107,3.8199999999999993e-84,5.639999999999998e-76
GCA_030264155.1_Caltech_Apas_1.0_genomic,GCA_030264155.1,1.59e-07,,2.7e-11,8.43e-10,2.7999999999999998e-12,9.25e-09,,,1.5699999999999999e-15,3.42e-09,1.32e-10,1.16e-09
GCA_963680705.1_icRhaMord1.1_genomic,GCA_963680705.1,1.0999999999999999e-44,3.4699999999999997e-65,1.8699999999999999e-50,5.799999999999998e-75,8.509999999999998e-72,7.059999999999998e-76,3.4199999999999996e-94,3.12e-91,0.0,3.8599999999999996e-105,2.8999999999999995e-86,3.2999999999999994e-84
GCA_965642295.1_icChrPopu2.hap1.1_genomic,GCA_965642295.1,9.31e-40,9.269999999999999e-62,7.689999999999998e-53,3.699999999999999e-77,1.02e-59,4.639999999999999e-69,3.4e-79,1.1099999999999998e-94,0.0,1.5699999999999997e-99,3.1299999999999996e-90,3.56e-75
GCA_003054995.1_ASM305499v1_genomic,GCA_003054995.1,,2.41e-18,1.19e-20,1.1300000000000001e-23,5.050000000000001e-28,2.46e-28,,3.7600000000000005e-11,3.25e-23,1.09e-12,2.11e-13,2.68e-27
GCA_947425015.1_icPteNige1.1_genomic,GCA_947425015.1,1.37e-23,,,5.88e-06,,2.39e-06,,,,,,
GCA_949788335.1_icSalPlan1.1_genomic,GCA_949788335.1,3.31e-48,3.1299999999999995e-69,2.2600000000000004e-51,2.2299999999999993e-80,2.8799999999999995e-66,2.6e-68,2.4599999999999997e-73,1.1099999999999999e-73,2.8699999999999997e-108,7.749999999999998e-110,3.85e-91,1.1299999999999998e-74
GCA_940337035.1_PGI_AGRIOTES_LIN_V1_genomic,GCA_940337035.1,,,2.1e-07,6.51e-12,4.74e-10,1.08e-23,,4.4299999999999997e-10,1.19e-12,3.96e-08,8.59e-20,2.45e-21
GCA_965194465.1_icBipLuna3.hap1.1_genomic,GCA_965194465.1,2.17e-34,2.6499999999999998e-65,1.2299999999999998e-42,6.889999999999999e-72,2.86e-59,3.879999999999999e-63,1.52e-58,6.559999999999998e-63,6.759999999999998e-97,2.0699999999999996e-81,1.2799999999999997e-78,2.3100000000000004e-53
GCA_002938485.1_Soryzae_1.0_genomic,GCA_002938485.1,1.41e-14,8.18e-18,1.07e-11,1.35e-19,2.7800000000000003e-21,4.9600000000000004e-20,2.9399999999999995e-40,6.550000000000001e-29,2.8699999999999995e-35,1.73e-33,7.209999999999999e-28,3.6200000000000004e-20
GCA_046128435.1_icTriPilo1.0.p_genomic,GCA_046128435.1,6.389999999999999e-07,1.6300000000000002e-09,,3.19e-10,1.56e-11,1.9e-13,2.1899999999999998e-25,1e-13,7.490000000000001e-17,3.33e-19,4.34e-16,1.8600000000000002e-13
GCA_034092305.1_Dabb_1.0_genomic,GCA_034092305.1,9e-07,1.1499999999999999e-08,1.14e-06,3.31e-10,6.66e-11,8.519999999999999e-16,6.759999999999999e-33,4.76e-11,2.96e-16,1.0099999999999999e-17,1e-17,1.51e-12
GCA_014849505.1_AAL_Ekam_1.0_genomic,GCA_014849505.1,1.1899999999999999e-08,1.54e-17,5.3e-09,2.38e-09,3.03e-14,1.36e-14,3.09e-30,4.96e-16,1.13e-25,3.35e-25,3.72e-22,2.99e-18
GCA_002278615.1_Pchal_1.0_genomic,GCA_002278615.1,,,,,,,,,3.39e-06,,,
GCA_963924575.1_icPycFuli2.1_genomic,GCA_963924575.1,7.47e-52,2.6699999999999998e-77,1.0699999999999997e-62,3.629999999999999e-74,3.46e-65,2.0899999999999996e-69,1.8599999999999995e-74,2.7099999999999994e-82,4.5299999999999987e-126,6.119999999999998e-137,2.87e-100,4.169999999999999e-80
GCA_009852465.2_ASM985246v2_genomic,GCA_009852465.2,,,,,,,,,,,,
GCA_918026855.4_PGI_PHAECO_v4_genomic,GCA_918026855.4,1.6399999999999997e-32,4.929999999999999e-35,1.26e-41,1.73e-53,1.47e-31,6.759999999999999e-53,1.47e-45,3.4599999999999995e-51,1.37e-124,2.3299999999999996e-68,9.079999999999998e-63,1.74e-46
GCA_965283465.1_icPteVern2.1_genomic,GCA_965283465.1,1.1700000000000001e-27,,,,3.2899999999999996e-09,2.17e-06,,7.68e-06,9.21e-09,2.52e-07,1.35e-07,5.27e-07
GCA_965642255.1_icMycPice2.hap1.1_genomic,GCA_965642255.1,3.2699999999999997e-42,3.41e-50,6.3599999999999996e-40,3.620000000000001e-58,3.2900000000000002e-52,3.4699999999999996e-50,3.0899999999999993e-56,9.879999999999999e-47,1.4699999999999996e-88,3.72e-89,4.67e-72,2.0799999999999998e-68
GCA_963966015.1_icAphObli1.1_genomic,GCA_963966015.1,1.9199999999999998e-42,0.0,6.9800000000000005e-43,5.7999999999999996e-52,8.329999999999999e-38,1.15e-46,6.569999999999999e-54,9.269999999999999e-68,1.87e-74,2.4299999999999995e-70,1.7199999999999997e-62,1.3e-49
GCA_027574965.2_Caltech_Esim_1.0_genomic,GCA_027574965.2,2.9299999999999996e-13,3.46e-14,8.040000000000001e-15,8.070000000000001e-22,7.55e-37,1.84e-20,4.09e-15,1.2e-09,1.54e-23,1.07e-16,1.52e-19,1.18e-14
GCA_917563875.1_PGI_DIABVI_V1_genomic,GCA_917563875.1,7.99e-20,5.45e-37,2e-38,2.5300000000000003e-41,6.31e-21,4.66e-31,1.9599999999999997e-36,7.87e-35,1.5799999999999998e-90,5.73e-52,7.92e-44,6.949999999999999e-27
GCA_046736385.1_TTW_Escr_1.0_genomic,GCA_046736385.1,1.4e-06,1.7100000000000002e-12,3.92e-07,2.27e-09,8.57e-14,4.11e-14,2.92e-28,2.33e-13,5.4100000000000006e-17,1.58e-16,5.3200000000000004e-21,8.3e-13
GCA_910591695.1_Galerucella_pusilla_genome_assembly_genomic,GCA_910591695.1,1.2800000000000001e-27,2.85e-42,4.29e-36,4.3800000000000003e-38,5.849999999999999e-32,1.38e-29,2.2899999999999995e-33,4.920000000000001e-25,5.409999999999999e-73,2.3899999999999998e-45,2.51e-39,1.4999999999999997e-40
GCA_029229535.1_icDioCarn1.1_genomic,GCA_029229535.1,3.0499999999999995e-28,2.3e-46,1.11e-41,2.6399999999999995e-47,4.42e-33,2.03e-35,3.58e-50,1.9399999999999997e-39,9.869999999999998e-84,3.0099999999999997e-50,1.4199999999999996e-44,8.789999999999999e-44
GCA_024550625.1_ASM2455062v1_genomic,GCA_024550625.1,,1.01e-09,,,8.99e-11,1.13e-07,1.0099999999999999e-23,6.59e-12,1.4800000000000003e-13,1.22e-19,9.4e-11,1.6e-07
GCA_963457615.1_icNicInve2.1_genomic,GCA_963457615.1,4.51e-37,1.82e-39,6.769999999999999e-44,5.67e-51,0.0,2.2299999999999995e-54,1.44e-37,7.479999999999999e-48,1.1399999999999998e-79,1.4799999999999997e-60,1.7899999999999998e-73,4.11e-65
GCA_965119235.1_icMalMarg1.hap1.1_genomic,GCA_965119235.1,3.24e-08,8.259999999999999e-07,1.66e-09,9.990000000000001e-12,3.88e-10,2.86e-20,,4.51e-09,9.9e-09,1.03e-16,3.48e-21,6.67e-14
GCA_024586415.1_ASM2458641v1_genomic,GCA_024586415.1,2.12e-08,,1.18e-12,1.35e-21,,1.75e-48,5.75e-10,7.25e-07,1.6499999999999999e-32,1.33e-11,2.58e-16,4.0399999999999995e-17
GCA_029619255.2_ASM2961925v2_genomic,GCA_029619255.2,,,,,,,,,,,,
GCA_963924545.1_icPogHisp1.1_genomic,GCA_963924545.1,9.019999999999999e-42,3.099999999999999e-66,1.3399999999999999e-56,1.1899999999999998e-78,4.629999999999999e-68,1.1599999999999998e-71,4.7499999999999994e-88,1.7299999999999995e-83,0.0,1.0399999999999998e-102,2.7499999999999993e-90,1.03e-77
GCA_043790905.1_ASM4379090v1_genomic,GCA_043790905.1,,,,,,,,,,,,
GCA_965183915.1_icDaiQuad1.1_genomic,GCA_965183915.1,1.0899999999999999e-47,2.1499999999999997e-72,5.3999999999999995e-62,2.72e-78,2.939999999999999e-65,2.4899999999999992e-74,8.149999999999997e-85,9.159999999999998e-81,1.8899999999999995e-126,2.1899999999999993e-137,7.739999999999998e-97,2.23e-81
GCA_965279835.1_icAmaOvat1.hap2.1_genomic,GCA_965279835.1,1.94e-09,,,,,,,,,,,
GCA_965121785.1_icChrSali1.hap1.1_genomic,GCA_965121785.1,3.929999999999999e-43,2.1599999999999997e-62,1.7699999999999996e-55,3.3799999999999993e-78,5.559999999999999e-58,6.739999999999999e-70,5.379999999999999e-81,3.4199999999999996e-94,0.0,1.6799999999999997e-101,1.2699999999999997e-88,3.039999999999999e-74
GCA_015342145.1_ASM1534214v1_genomic,GCA_015342145.1,2.4199999999999996e-43,8.499999999999999e-60,3.5099999999999998e-50,5.7999999999999985e-80,1.3699999999999998e-58,1.1399999999999997e-67,3.9199999999999994e-88,1.8199999999999998e-86,0.0,7.390000000000001e-107,1.2099999999999997e-87,1.7199999999999997e-75
GCA_964211955.1_icStaEryt1.hap1.1_genomic,GCA_964211955.1,,,1.4099999999999998e-13,2.8e-06,2.89e-08,8.94e-06,,5.87e-06,5.65e-10,,2.21e-14,1.29e-10
GCA_963924605.1_icMalSeri1.1_genomic,GCA_963924605.1,5.15e-10,6.499999999999999e-20,4.61e-14,1.9900000000000002e-18,7.1e-16,2.16e-60,6.87e-15,4.94e-11,7.63e-32,1.39e-30,3.76e-43,1.62e-23
GCA_902654985.2_Oryctes_borbonicus_mpgtue_10X_genomic,GCA_902654985.2,,,,,,,,,,,,
GCA_963966145.1_icTenMoli1.1_genomic,GCA_963966145.1,1.18e-46,8.99e-81,2.3099999999999995e-66,1.91e-83,1.0199999999999996e-71,6.129999999999999e-87,1.6999999999999997e-86,1.7299999999999998e-86,2.659999999999999e-134,6.019999999999998e-167,4.389999999999999e-101,5.829999999999999e-94
GCA_029963825.1_MPICE_MMI_1_genomic,GCA_029963825.1,2.68e-48,2.5399999999999997e-68,1.1999999999999999e-54,1.2099999999999997e-79,6.53e-57,5.999999999999998e-72,3.9399999999999993e-87,7.41e-89,0.0,4.659999999999999e-106,2.8899999999999992e-89,3.47e-76
GCA_040580785.1_ASM4058078v1_genomic,GCA_040580785.1,5.829999999999999e-39,6.709999999999999e-64,4.4099999999999994e-39,3.729999999999999e-68,7.03e-50,1.37e-55,3.379999999999999e-71,1.6e-64,2.289999999999999e-135,2.59e-86,2.92e-79,1.1699999999999997e-65
GCA_049176235.1_ASM4917623v1_genomic,GCA_049176235.1,1.82e-15,7.81e-22,5.23e-17,2.34e-18,2.1099999999999998e-16,3.16e-23,7.040000000000001e-50,3.88e-20,2.04e-38,5.5e-34,1.86e-35,2.27e-22
GCA_965178175.1_icCocRufa1.hap1.1_genomic,GCA_965178175.1,3.7099999999999997e-38,6.969999999999998e-178,8.67e-44,2.73e-65,3.0899999999999997e-37,2.2e-38,3.269999999999999e-60,5.73e-57,2.469999999999999e-71,4.17e-62,1.5599999999999999e-60,1.25e-46
GCA_964006375.1_icTilElon2.1_genomic,GCA_964006375.1,2.83e-44,2.0299999999999998e-87,1.9499999999999997e-62,2.0899999999999996e-72,2.2199999999999995e-65,5.4199999999999986e-70,3.8299999999999986e-97,2.0999999999999996e-97,6.259999999999999e-138,2.5099999999999992e-110,9.869999999999997e-101,3.31e-77
GCA_964023215.2_icEleAgri1.2_genomic,GCA_964023215.2,2.9399999999999995e-41,6.109999999999999e-66,1.4999999999999997e-57,5.0499999999999994e-74,1.5899999999999998e-66,6.919999999999999e-75,3.62e-67,2.6499999999999994e-68,2.22e-121,4.949999999999999e-145,2.3599999999999995e-86,3.7999999999999994e-78
GCA_030674115.1_ASM3067411v1_genomic,GCA_030674115.1,9.02e-41,0.0,8.679999999999999e-51,1.9099999999999998e-63,2.66e-35,4.23e-48,6.42e-53,4.01e-67,1.1e-78,2.4999999999999995e-65,1.4399999999999998e-69,4.68e-59
GCA_014611495.1_UIdaho_Lcali_1.0_genomic,GCA_014611495.1,,,6.39e-08,1.26e-09,,6.0800000000000004e-24,,1.6899999999999997e-09,1.35e-13,1.1400000000000001e-10,5.85e-14,9.15e-12
GCA_036172665.1_ASM3617266v1_genomic,GCA_036172665.1,3.79e-09,9.71e-10,2.2399999999999997e-15,1.08e-20,1.6e-11,7.64e-32,2.91e-13,5.1e-07,5.4e-20,2.7399999999999995e-31,6.709999999999998e-93,6.35e-18
GCA_029618875.2_ASM2961887v2_genomic,GCA_029618875.2,,,,,,,,,,,,
GCA_963082815.1_icMelVill1.1_genomic,GCA_963082815.1,,,2.32e-09,4.0600000000000005e-09,,4.91e-17,1.7699999999999998e-07,5.96e-08,7.879999999999999e-13,4.92e-11,2.42e-19,1.66e-10
GCA_965282785.1_icScaQuad2.1_genomic,GCA_965282785.1,8.43e-08,1.88e-08,6.99e-16,2.0500000000000003e-18,7.25e-25,3.76e-12,3.5100000000000007e-13,2.5000000000000003e-12,2.68e-19,1.3400000000000001e-17,1.0700000000000001e-28,1.2300000000000001e-17
GCA_965642445.1_icNotBigu1.1_genomic,GCA_965642445.1,2.26e-12,,,,,,,,,,6.64e-06,
GCA_963170755.1_icAmpSols1.1_genomic,GCA_963170755.1,,,,,,7e-06,,,2e-07,,1.93e-12,2.33e-33
GCA_045514315.1_ASM4551431v1_genomic,GCA_045514315.1,6.89e-49,1.6199999999999998e-67,1.43e-44,1.32e-77,5.379999999999999e-59,1.2399999999999999e-73,1.8999999999999995e-88,3.6399999999999994e-87,0.0,9.629999999999998e-102,1.5899999999999999e-80,6.009999999999998e-73
GCA_905333025.2_icPyrSerr1.2_genomic,GCA_905333025.2,1.9100000000000003e-47,3.5699999999999996e-68,1.3299999999999999e-58,9.149999999999999e-67,1.1399999999999997e-64,4.869999999999999e-72,1.38e-79,2.9599999999999998e-74,3.889999999999999e-112,3.6599999999999993e-138,6.69e-95,2.9999999999999997e-87
GCA_964332215.1_icGraRufi3.hap1.1_genomic,GCA_964332215.1,1.94e-48,2.2599999999999996e-70,1.82e-55,9.559999999999999e-76,1.2399999999999998e-68,7.189999999999999e-73,1.0699999999999997e-98,7.97e-89,0.0,2.389999999999999e-111,2.91e-92,7.339999999999999e-83
GCA_949748235.1_icPlaCyli4.1_genomic,GCA_949748235.1,5.91e-29,1.14e-51,6.71e-36,3.7699999999999995e-57,8.56e-42,1.62e-44,5.119999999999999e-96,6.379999999999998e-63,6.8799999999999976e-77,1.2099999999999997e-69,9.439999999999999e-69,4.93e-53
GCA_030620095.1_CSIRO_AGI_Kmac_V1_genomic,GCA_030620095.1,4.44e-06,6.47e-09,9.09e-06,3.71e-06,2.2799999999999998e-11,5.5399999999999995e-09,1.6399999999999999e-29,1.38e-08,4.08e-14,2.8800000000000004e-13,9.380000000000001e-12,1.6100000000000002e-08
GCA_036346225.1_kiz_Lpj_v1_genomic,GCA_036346225.1,,,1.42e-07,1.1199999999999999e-09,,7.33e-23,,,1.4300000000000002e-15,9.9e-13,4.08e-20,1.31e-13
GCA_018344505.1_ASM1834450v1_genomic,GCA_018344505.1,1.8800000000000002e-11,,,,,,,,,,,
GCA_025024175.1_Rdo_ARS_Dec2018_genomic,GCA_025024175.1,,,,3e-06,1.52e-08,,,,1.55e-07,6.440000000000001e-07,1.2199999999999998e-07,
GCA_964234755.1_icActSiae1.1_genomic,GCA_964234755.1,,,4.0700000000000003e-07,5.08e-16,,1e-37,1.43e-06,,2.13e-19,8.51e-21,9.51e-22,6.69e-15
GCA_030710515.1_AcBM8_1.0_genomic,GCA_030710515.1,,1.16e-18,2.25e-16,5.0500000000000003e-20,2.07e-15,6.24e-72,3.89e-23,4.570000000000001e-24,9.319999999999999e-37,3.59e-29,4.8099999999999996e-20,1.03e-24
GCA_918026865.1_PGI_PHYEVI_v3_genomic,GCA_918026865.1,1.51e-19,1.08e-50,3.09e-38,4.88e-44,2.97e-36,2.1899999999999997e-41,3.36e-47,1.22e-53,3.4199999999999994e-87,6.500000000000001e-61,2.44e-50,5.9599999999999995e-47
GCA_949152465.1_icCanFlav1.1_genomic,GCA_949152465.1,1.1699999999999999e-08,7.3e-17,1.3900000000000001e-15,1.5900000000000002e-16,6.96e-17,2.5e-30,7.71e-16,7.75e-09,7.389999999999998e-42,8.489999999999999e-32,2.71e-24,1.9399999999999995e-33
GCA_027575565.1_ASM2757556v1_genomic,GCA_027575565.1,1.34e-06,,6.06e-18,1.7600000000000002e-17,1.04e-12,1.91e-20,,,8.06e-14,6.67e-15,1.8100000000000001e-19,2.15e-12
GCA_963082785.1_icPhiSpin1.1_genomic,GCA_963082785.1,,,,,,,,,5.59e-06,,,
GCA_965112895.1_icDalMarg2.1_genomic,GCA_965112895.1,,,,7.07e-12,3.24e-09,2.14e-24,,3.1e-09,1.72e-19,6.5700000000000005e-12,3.08e-15,1.41e-19
GCA_027576655.1_ASM2757665v1_genomic,GCA_027576655.1,4.13e-12,1.7800000000000003e-11,7.76e-16,4.73e-14,3.28e-10,2.09e-21,3.4500000000000005e-08,5.98e-13,3.63e-21,,7.020000000000002e-21,1.29e-17
GCA_932274525.1_icPodAlpi1.1_genomic,GCA_932274525.1,1.18e-09,6.62e-27,6.83e-14,3.06e-31,1.33e-14,3.5600000000000004e-45,1.04e-14,2.2200000000000004e-08,8.72e-37,6.879999999999999e-32,3.5800000000000003e-40,1.4e-26
GCA_032191655.1_ASM3219165v1_genomic,GCA_032191655.1,,,5.26e-22,4.6399999999999997e-07,,7.24e-06,,,1.0099999999999999e-07,,1.2200000000000002e-10,1.49e-08
GCA_025399875.1_ASM2539987v1_genomic,GCA_025399875.1,,1.23e-15,6.69e-18,2.35e-18,1.35e-14,1.49e-17,2.08e-12,1.37e-24,1.1199999999999998e-37,5.679999999999999e-19,7.06e-25,8.049999999999999e-27
GCA_051225655.1_ASM5122565v1_genomic,GCA_051225655.1,2.9e-51,2.8499999999999995e-64,3.66e-48,3.3699999999999994e-80,4.1e-60,3.4499999999999994e-77,3.76e-92,7.559999999999998e-84,0.0,1.2199999999999999e-106,1.2299999999999998e-88,3.1499999999999995e-80
GCA_963576655.1_icGasPoly1.1_genomic,GCA_963576655.1,3.579999999999999e-45,4.759999999999999e-63,2.38e-50,2.1899999999999995e-78,1.98e-57,4.779999999999999e-66,4.339999999999999e-78,1.1999999999999997e-83,1.6499999999999994e-168,9.619999999999998e-94,2.0999999999999995e-81,7.029999999999999e-65
GCA_958510875.1_icEndCocc1.1_genomic,GCA_958510875.1,7.86e-42,1.87e-104,6.7900000000000005e-56,2.02e-74,1.0999999999999999e-53,5.18e-65,1.3199999999999999e-70,4.189999999999999e-71,9.059999999999997e-101,1.2799999999999996e-94,4.2099999999999993e-81,5.229999999999999e-73
GCA_029955315.1_icCylForm1.1_genomic,GCA_029955315.1,4.6e-14,2.7500000000000004e-20,1.65e-20,3.36e-17,1.2300000000000002e-21,1.97e-23,0.0,8.270000000000001e-22,2.26e-55,1.74e-30,4.05e-38,7.52e-17
GCA_037464815.1_ASM3746481v1_genomic,GCA_037464815.1,1.09e-34,5.16e-53,3.06e-45,4.04e-59,8.369999999999998e-48,4.5e-59,3.11e-59,7.869999999999999e-67,1.5699999999999997e-94,3.949999999999999e-88,3.149999999999999e-67,1.1999999999999997e-62
GCA_029955175.1_MPICE_EAD1_genomic,GCA_029955175.1,7.6e-41,3.3999999999999994e-66,2.9999999999999995e-54,1.8399999999999998e-84,4.799999999999999e-64,4.1699999999999993e-66,2.8299999999999997e-89,9.099999999999998e-86,0.0,1.1199999999999998e-100,3.9699999999999993e-88,1.1999999999999998e-76
GCA_030157275.1_icCynAngu1.1_genomic,GCA_030157275.1,2.4100000000000002e-49,4.9899999999999995e-61,1.63e-56,1.1099999999999999e-77,4.679999999999999e-68,4.769999999999999e-69,4.5999999999999984e-77,1.2099999999999998e-72,2.0699999999999995e-108,3.459999999999999e-153,1.1499999999999997e-93,1.4699999999999996e-82
GCA_028583605.1_ASM2858360v1_genomic,GCA_028583605.1,6.690000000000001e-43,2.2399999999999993e-81,1.1299999999999998e-40,1.4699999999999998e-73,2.84e-53,6.189999999999999e-62,1.17e-75,7.089999999999998e-77,7.019999999999999e-113,5.61e-89,2.3599999999999996e-81,4.089999999999999e-65
GCA_965112455.1_icUlePlan3.1_genomic,GCA_965112455.1,6.289999999999999e-44,1.0199999999999997e-75,5.439999999999999e-59,1.7099999999999998e-65,4.46e-49,1.0899999999999999e-58,8.539999999999997e-76,1.0899999999999999e-72,3.789999999999999e-112,9.76e-83,4.269999999999999e-80,7.839999999999998e-72
GCA_905340355.1_icRhaFulv1.1_genomic,GCA_905340355.1,1.51e-10,4.91e-28,3.86e-28,1.39e-37,2.38e-19,3.2499999999999993e-72,3.8e-15,1.55e-19,7.38e-41,4.5e-24,7.89e-47,1.6399999999999997e-31
GCA_964205235.1_icDenLine1.1_genomic,GCA_964205235.1,1.29e-06,2.57e-10,2.58e-08,2.5299999999999997e-16,1.59e-11,2.3899999999999998e-42,7.72e-12,7.47e-09,5.27e-31,6.459999999999999e-25,7.18e-26,2.41e-19
GCA_965282865.1_icMetPara1.1_genomic,GCA_965282865.1,3.929999999999999e-37,5.009999999999999e-70,1.01e-43,1.21e-49,1.17e-44,1.99e-46,1.3299999999999999e-78,4.429999999999999e-67,1.4999999999999995e-101,2.0699999999999998e-79,3.2399999999999993e-78,8.68e-59
GCA_037414755.1_ASM3741475v1_genomic,GCA_037414755.1,2.7799999999999997e-40,4.3999999999999995e-61,8.939999999999999e-42,7.879999999999999e-59,5.86e-51,1.53e-60,2.18e-60,4.0299999999999997e-70,5.949999999999999e-94,3.0299999999999993e-97,5.2599999999999995e-73,7.140000000000001e-59
GCA_918026665.1_PGI_DIABBA_v3_genomic,GCA_918026665.1,2.41e-25,5.12e-35,3.62e-38,1.0699999999999998e-39,1.6899999999999998e-26,2.18e-34,2.2e-39,4.53e-36,4.56e-93,4.1699999999999996e-57,6.570000000000001e-47,4.9099999999999996e-32
GCA_951812935.1_icHerMerc2.1_genomic,GCA_951812935.1,2.23e-31,1.43e-42,6.849999999999999e-30,5.5599999999999994e-36,3.59e-25,6.3399999999999995e-34,1.34e-29,1.1199999999999999e-35,7.679999999999998e-81,2.2999999999999997e-63,3.8999999999999997e-48,7.859999999999999e-40
GCA_013421045.1_ASM1342104v1_genomic,GCA_013421045.1,8.099999999999999e-39,0.0,1.2e-50,1.5599999999999997e-62,2.29e-34,1.4199999999999999e-39,3.4e-54,1.2300000000000002e-57,2.6199999999999996e-71,5.099999999999999e-65,7.079999999999999e-63,2.37e-49
GCA_910591685.1_Galerucella_tenella_genome_assembly_genomic,GCA_910591685.1,1.44e-26,7.0699999999999995e-43,1.09e-35,3.81e-37,1.7999999999999998e-33,1.66e-28,3.3e-34,7.16e-25,1.6999999999999997e-72,1.9399999999999996e-45,1.4899999999999997e-39,1.12e-39
GCA_963991005.1_icBarPell3.1_genomic,GCA_963991005.1,1.54e-10,4.84e-09,4.54e-08,2.0899999999999997e-11,1.3200000000000002e-13,1.59e-12,1.36e-25,2.5300000000000003e-13,8.06e-21,5.1200000000000005e-18,3.86e-17,3.4200000000000004e-12
GCA_963082805.1_icHemNige1.1_genomic,GCA_963082805.1,,4.98e-08,1.46e-09,1.7199999999999998e-17,6.13e-08,5.83e-34,1.75e-14,4.5199999999999994e-08,3.579999999999999e-27,8.119999999999999e-24,2.75e-22,1.73e-20
GCA_037414795.1_ASM3741479v1_genomic,GCA_037414795.1,1.34e-39,5.3199999999999995e-62,6.999999999999999e-45,3.0299999999999997e-56,1.45e-51,4.339999999999999e-62,3.1599999999999995e-63,4.389999999999999e-68,3.5799999999999996e-90,2.6999999999999995e-90,2.1399999999999995e-66,6.559999999999998e-64
GCA_902655005.2_Marronus_mpgtue_10X_genomic,GCA_902655005.2,,,,,,,,,,,,
GCA_009867245.2_ASM986724v2_genomic,GCA_009867245.2,1.79e-28,2.41e-23,3.18e-43,1.9e-45,3.8e-54,1.31e-33,1.0499999999999998e-25,9.39e-24,5.85e-46,5.81e-39,5.04e-56,3.18e-54
GCA_032191565.1_ASM3219156v1_genomic,GCA_032191565.1,,2.14e-08,3.53e-20,5.420000000000001e-09,2.45e-08,1.42e-10,1.27e-09,4.25e-07,2.2799999999999998e-11,2.64e-07,2.29e-14,1.38e-10
GCA_963966075.1_icAphStic4.1_genomic,GCA_963966075.1,,7.12e-07,1.09e-09,6.03e-12,1.9800000000000001e-10,3.16e-19,2.1100000000000002e-07,4.11e-09,1.6399999999999998e-15,2.79e-12,5.76e-16,1.14e-20
GCA_963576565.1_icAspAene1.1_genomic,GCA_963576565.1,,,,,,,1.0699999999999999e-13,,3.67e-10,7.57e-06,,
GCA_965118235.1_icPacLeth1.hap1.1_genomic,GCA_965118235.1,2.12e-06,4.07e-10,9.6e-07,1.31e-11,6.65e-13,3.58e-14,9.759999999999998e-27,8.02e-14,2.3999999999999997e-19,2.21e-16,1.3e-16,4.4600000000000006e-11
GCA_010014765.2_ASM1001476v2_genomic,GCA_010014765.2,8.1e-06,1.25e-09,1.8300000000000002e-16,1.4699999999999998e-11,1.26e-22,2.2800000000000002e-21,1.4599999999999998e-07,,1.7300000000000003e-27,5.579999999999999e-17,1.8600000000000004e-20,4.94e-18
GCA_026230105.1_icDioSubl1.1_genomic,GCA_026230105.1,1.5100000000000001e-27,6.569999999999999e-46,7.709999999999999e-42,2.46e-47,4.15e-32,5.79e-35,4.1000000000000003e-50,2.5199999999999997e-39,8.79e-83,4.72e-49,2.6099999999999996e-44,3.49e-44
GCA_027574865.2_Caltech_Cven_1.0_genomic,GCA_027574865.2,,,,,5.3e-06,,,,,,,
GCA_963978555.1_icGalNymp1.1_genomic,GCA_963978555.1,7.449999999999999e-31,1.1599999999999997e-42,8.64e-36,1.43e-40,2.32e-31,2.07e-30,8.49e-36,1.12e-27,1.1199999999999999e-82,2.85e-50,4.7300000000000005e-40,1.17e-44
GCA_947534325.1_icAgoFuli1.1_genomic,GCA_947534325.1,4.61e-16,,,,,,,,,2.7900000000000002e-08,,
GCA_963920685.1_icPolTere2.1_genomic,GCA_963920685.1,9.92e-07,7.249999999999999e-12,3.8e-07,6.94e-16,1.8e-14,2.41e-16,2.3899999999999997e-31,5.480000000000001e-12,4.05e-22,6.370000000000001e-19,6.759999999999999e-19,6.82e-12
GCA_932526585.2_icPhiCogn1.2_genomic,GCA_932526585.2,2.35e-07,,5.31e-07,9.31e-07,3.69e-10,1.55e-06,,2.7800000000000003e-07,4.07e-10,2.2400000000000002e-08,4.79e-11,1.3900000000000002e-09
GCA_914767665.1_icHarAxyr1.1_genomic,GCA_914767665.1,2.4499999999999997e-37,0.0,8.599999999999999e-46,1.99e-47,1.01e-38,7.699999999999999e-47,1.5e-48,7.959999999999998e-65,9.079999999999998e-81,5.359999999999999e-67,4.289999999999999e-62,7.479999999999999e-50
GCA_950111635.2_icAgeAlni6.2_genomic,GCA_950111635.2,3.4999999999999996e-30,1.8899999999999999e-28,2.3300000000000002e-29,5.199999999999999e-35,7.559999999999999e-27,5.26e-27,1.2699999999999998e-41,1.7200000000000001e-28,1.8499999999999996e-88,2.0199999999999997e-40,3.31e-39,1.71e-34
GCA_041228525.2_icLarMinu1_p1.2_genomic,GCA_041228525.2,7.040000000000001e-07,6.82e-12,1.51e-13,4.59e-08,5.11e-15,5.33e-16,5.55e-30,1.6699999999999998e-11,2.4500000000000002e-26,1.24e-24,2.1300000000000002e-23,6.3099999999999996e-12
GCA_040954815.1_ASM4095481v1_genomic,GCA_040954815.1,1.27e-46,4.13e-58,9e-54,8.359999999999998e-76,7.829999999999999e-67,2.2999999999999996e-69,1.5899999999999999e-80,2.1e-74,2.2099999999999994e-108,3.179999999999999e-146,5.689999999999999e-91,5.679999999999999e-85
GCA_965178145.1_icCeuObst1.1_genomic,GCA_965178145.1,7.07e-06,6.6199999999999994e-18,1.28e-12,7.92e-19,9.7e-13,9.08e-08,3.96e-38,4.96e-12,5.979999999999999e-31,5.4e-27,1.36e-14,1.11e-07
GCA_025447835.1_ASM2544783v1_genomic,GCA_025447835.1,,,1.0300000000000001e-07,,5.25e-08,,,2.3600000000000002e-07,,,,
GCA_964204745.1_icBruVari1.hap1.1_genomic,GCA_964204745.1,7.899999999999999e-33,4.8199999999999996e-46,1.18e-28,6.1200000000000006e-43,2.46e-41,3.1399999999999995e-34,2.5099999999999994e-52,4.629999999999999e-51,1.5399999999999998e-89,4.11e-56,1.7999999999999997e-55,1.1599999999999999e-32
GCA_050578095.1_ASM5057809v1_genomic,GCA_050578095.1,1.49e-15,7.190000000000002e-29,6.15e-20,1.01e-13,1.06e-18,9.75e-23,1.9e-36,1.4599999999999999e-21,1.78e-38,1.27e-33,4.4499999999999995e-26,5.179999999999999e-24
GCA_035610365.1_HAU_Aqlei_1.0_genomic,GCA_035610365.1,,7.32e-17,2.18e-19,7.149999999999999e-44,1.08e-32,8.339999999999998e-131,2.9999999999999997e-12,8.449999999999999e-12,2.2899999999999994e-53,8.93e-40,2.9799999999999998e-47,6.25e-36
GCA_046766355.1_ASM4676635v1_genomic,GCA_046766355.1,1.93e-09,3.49e-21,1.77e-13,2.58e-17,3.0500000000000005e-11,1.8899999999999997e-23,2.5299999999999996e-67,1.4699999999999999e-18,2.5e-36,5.2499999999999996e-31,6.75e-34,1.51e-18
GCA_965240315.1_icLatBrun2.hap1.1_genomic,GCA_965240315.1,,,,2.58e-08,1.88e-10,1e-09,8.159999999999999e-07,9.22e-06,2.09e-09,1.31e-06,3.89e-14,1.31e-08
GCA_050947525.1_LaNoc_SwiLau_1.0_genomic,GCA_050947525.1,7.39e-16,2.13e-22,3.4e-20,2.8699999999999994e-29,1.8100000000000004e-13,3.6399999999999993e-75,9.68e-18,3.8299999999999996e-20,1.5699999999999998e-44,1.84e-28,4.27e-35,8.4e-29
GCA_051313465.1_icLabCliv1_p1.1_genomic,GCA_051313465.1,1.18e-41,2.6999999999999998e-62,1.56e-51,2.4399999999999995e-75,3.23e-58,1.4699999999999997e-67,3.849999999999999e-88,2.1599999999999995e-87,0.0,3.2399999999999993e-105,1.7099999999999998e-84,2.0899999999999995e-76
GCA_015342185.1_ASM1534218v1_genomic,GCA_015342185.1,7.659999999999999e-44,1.4199999999999996e-59,8.56e-49,1.0599999999999997e-76,2.73e-57,9.16e-68,8.47e-85,7.440000000000001e-84,0.0,1.7499999999999996e-105,4.629999999999999e-85,1.0299999999999999e-74
GCA_019049505.1_P_sulf_FINAL_HiC_nocotam_named_genomic,GCA_019049505.1,7.48e-07,2.43e-09,1.55e-06,1.01e-12,2.37e-14,7.779999999999999e-18,2.1799999999999998e-33,8.590000000000001e-15,2.61e-18,2.7999999999999997e-20,3.49e-17,5.63e-12
GCA_025399995.1_ASM2539999v1_genomic,GCA_025399995.1,1.65e-09,,1.7e-06,5.96e-19,,1.32e-27,5.37e-09,,3.7e-22,7.07e-14,1.1999999999999999e-28,3.04e-18
GCA_937662695.2_icHalSede1.2_genomic,GCA_937662695.2,8.429999999999999e-39,0.0,9.399999999999999e-47,8.67e-56,1.1e-31,5.0799999999999996e-42,9.18e-56,7.309999999999998e-67,6.69e-75,6.849999999999999e-72,1.9899999999999996e-69,5.479999999999999e-53
GCA_001412225.1_Nicve_v1.0_genomic,GCA_001412225.1,6.729999999999999e-31,6.63e-35,5.889999999999999e-39,9.68e-44,0.0,7.539999999999999e-50,5.679999999999999e-35,3.8900000000000004e-44,8.74e-73,9.25e-58,5.4199999999999996e-67,5.899999999999999e-58
GCA_032191635.1_ASM3219163v1_genomic,GCA_032191635.1,1.46e-06,1.31e-06,3.28e-34,2.77e-22,1.6899999999999998e-17,4.5e-18,3.17e-07,1.88e-08,3.3799999999999997e-28,1.62e-30,1.2200000000000001e-26,5.93e-34
GCA_964188095.1_icAniNove2.1_genomic,GCA_964188095.1,7.46e-40,0.0,2.37e-41,5.479999999999999e-57,2.75e-37,2.4199999999999997e-40,6.0800000000000005e-56,1.07e-52,6.819999999999999e-72,8.669999999999999e-65,2.3099999999999998e-64,1.73e-47
GCA_964656865.1_icGryEqui2.1_genomic,GCA_964656865.1,1.6599999999999999e-16,9.109999999999999e-20,1.72e-14,3.15e-18,9.2e-26,1.0499999999999999e-27,1.1699999999999998e-47,2.1e-19,5.5599999999999994e-36,1.8399999999999997e-33,1.7999999999999998e-33,2.29e-28
GCA_963966155.1_icCliFoss2.1_genomic,GCA_963966155.1,3.12e-21,,,,,,,,4.92e-08,,1.58e-06,
GCA_033557785.1_ASM3355778v1_genomic,GCA_033557785.1,8.08e-21,8.82e-19,8.09e-19,1.48e-27,2.0600000000000001e-22,5.5e-33,2.7e-20,1.08e-21,7.25e-41,2.5599999999999998e-30,1.63e-38,1.15e-31
GCA_963082715.1_icHarRubr1.1_genomic,GCA_963082715.1,8.58e-18,,,3.15e-06,,,8.720000000000001e-07,,,,,
GCA_036711955.1_IU_Dgaz_1.0_genomic,GCA_036711955.1,,1.1100000000000002e-08,3.34e-70,4.01e-20,3.44e-18,1.2300000000000002e-21,2.55e-12,1.79e-06,1.66e-13,7.74e-14,6.5e-33,1.69e-27
GCA_039766575.1_ASM3976657v1_genomic,GCA_039766575.1,4.63e-16,6.7299999999999994e-21,3.12e-23,1.6299999999999999e-13,1.98e-11,2.2399999999999997e-09,,,2.0199999999999997e-33,3.14e-31,0.0,1.6899999999999997e-37
GCA_040955315.2_icAgrObsc1_p1.2_genomic,GCA_040955315.2,,,1.0300000000000001e-07,2.5099999999999996e-12,2.53e-09,6.82e-24,,1.41e-06,8.75e-12,7.240000000000001e-09,4.13e-16,6.070000000000001e-24
GCA_022388445.1_Zophobas_atratus_KSU_v.1_genomic,GCA_022388445.1,1.0300000000000002e-45,5e-70,1.1399999999999998e-52,2.0299999999999998e-77,1.43e-73,7.669999999999998e-65,5.33e-82,2e-81,3.3999999999999986e-119,5.249999999999998e-143,9.12e-90,5.999999999999999e-83
GCA_046563155.1_ASM4656315v1_genomic,GCA_046563155.1,6.15e-48,4.2099999999999997e-70,2.8399999999999995e-49,8.239999999999999e-76,9.099999999999999e-58,5.29e-71,1.1499999999999998e-83,4.5699999999999994e-83,0.0,1.8699999999999997e-98,2.3999999999999994e-83,2.87e-76
GCA_030347505.1_kcgeb_rfM_genomic,GCA_030347505.1,3.11e-06,6.44e-09,8.77e-13,1.5499999999999998e-11,1.9699999999999997e-13,4.18e-14,1.09e-71,2.62e-11,4.57e-39,1.9e-33,8.020000000000001e-27,2.32e-19
GCA_028455855.1_ASM2845585v1_genomic,GCA_028455855.1,4.4199999999999996e-48,9.379999999999999e-58,5.419999999999998e-44,7.899999999999999e-60,8.51e-54,1.7999999999999998e-63,3.66e-61,2.0699999999999997e-71,5.1299999999999984e-99,4.479999999999999e-95,2.7899999999999994e-76,3.1299999999999996e-59
GCA_029619325.2_ASM2961932v2_genomic,GCA_029619325.2,,,,,,,,,,,,
GCA_965282375.1_icOcyTach1.1_genomic,GCA_965282375.1,1.42e-32,1.7800000000000003e-09,,,,,,,,,,
GCA_049462965.1_ASM4946296v1_genomic,GCA_049462965.1,1.04e-07,1.05e-11,9.26e-23,7.05e-19,9.5e-07,4.5000000000000004e-21,,1.48e-11,6.43e-24,2.0000000000000002e-21,2.2899999999999995e-94,4.78e-36
GCA_030264615.1_Caltech_Clon_1.0_genomic,GCA_030264615.1,,,1.98e-09,8.51e-09,4.68e-11,2.17e-11,1.12e-07,,1.22e-09,,6.9e-07,
GCA_020466585.1_Dpon_F_20191213_genomic,GCA_020466585.1,2.45e-06,2.17e-07,,2.89e-08,4.7e-09,2.67e-09,1.97e-19,1.62e-09,2.9199999999999997e-13,1.5e-18,1.0100000000000001e-11,5.26e-06
GCA_963971165.1_icPhiPlag1.1_genomic,GCA_963971165.1,,2.4399999999999996e-07,2.37e-06,1.06e-11,3.76e-08,3.01e-12,1.02e-25,1.0100000000000001e-11,4.650000000000001e-16,1.34e-18,1.1900000000000001e-17,1.16e-09
GCA_036326145.1_kiz_Sta_v1_genomic,GCA_036326145.1,,4.67e-18,2.99e-13,8.34e-20,9.48e-08,7.15e-43,1.4300000000000002e-13,3.63e-06,1.6899999999999998e-17,5.6e-27,7.53e-20,4.41e-26
GCA_023690525.1_ASM2369052v1_genomic,GCA_023690525.1,,,,,,,,,,,,
GCA_030157265.1_icLatOryz1.1_genomic,GCA_030157265.1,2.25e-33,1.4599999999999996e-70,3.2699999999999997e-42,7.919999999999998e-77,1.6699999999999998e-62,2.2799999999999998e-66,3.1699999999999994e-82,5.139999999999999e-71,1.0099999999999996e-113,4.019999999999999e-142,2.2399999999999993e-79,5.119999999999999e-64
GCA_958336345.1_icDorPara1.1_genomic,GCA_958336345.1,1.51e-13,1.5e-13,1.56e-19,7.23e-17,7.170000000000001e-07,3.9700000000000003e-23,2.11e-06,4.0499999999999996e-11,1.3e-21,8.76e-24,1.5099999999999995e-136,4.41e-30
GCA_021725515.1_Echi_V1_genomic,GCA_021725515.1,2.52e-41,6.230000000000001e-56,1.62e-43,5.0599999999999993e-54,9.489999999999998e-44,5.34e-65,1.5099999999999998e-57,3.2199999999999994e-66,2.469999999999999e-94,3.459999999999999e-100,4.12e-77,1.04e-57
GCA_036346125.1_kiz_Msp_v1_genomic,GCA_036346125.1,5.36e-10,5.68e-13,2.86e-11,3.64e-14,1.88e-14,4.26e-19,,,2.45e-19,5.4e-14,1.16e-17,2.49e-13
GCA_027574905.2_Caltech_Eden_1.0_genomic,GCA_027574905.2,,5.99e-11,8.34e-12,3.0699999999999996e-16,2.91e-31,2.1399999999999998e-18,,1.14e-06,5.54e-20,5.36e-12,4.63e-23,1.2500000000000001e-12
GCA_963930825.1_icSilUnid1.1_genomic,GCA_963930825.1,3.25e-33,3.96e-56,1.4099999999999998e-36,2.54e-40,8.039999999999998e-38,4.979999999999999e-50,3.2400000000000003e-60,2.55e-57,1.1199999999999998e-78,1.0099999999999998e-77,2.6499999999999997e-53,1.4999999999999998e-47
GCA_963576515.1_icCryPrim1.1_genomic,GCA_963576515.1,1.73e-28,1.27e-46,7.0900000000000005e-31,4.3600000000000004e-52,4.869999999999999e-44,3.53e-41,6.56e-58,4.63e-57,2.6599999999999996e-111,5.799999999999999e-72,1.2299999999999999e-55,1.8299999999999998e-57
GCA_929113105.1_icAgrMuri1.1_genomic,GCA_929113105.1,,,5.44e-06,1.23e-08,9.41e-11,2.9100000000000003e-12,,1.61e-09,2.33e-09,3.8900000000000004e-08,3.48e-17,1.26e-09
GCA_020654155.1_ASM2065415v1_genomic,GCA_020654155.1,8.5e-22,4.849999999999999e-81,1.08e-31,2.94e-30,3.66e-21,1.26e-26,1.4099999999999998e-31,1.54e-28,3.2200000000000006e-39,5.12e-41,1.1299999999999999e-36,2.1900000000000001e-38
GCA_944452925.2_icChrOric1.2_genomic,GCA_944452925.2,6.2099999999999995e-46,7.409999999999999e-65,3.48e-55,1.3699999999999996e-73,2.4699999999999998e-64,4.459999999999999e-74,3.8e-85,2.9899999999999996e-90,0.0,3.7099999999999995e-107,5.489999999999999e-87,1.14e-78
GCA_051294475.1_ASM5129447v1_genomic,GCA_051294475.1,,2.93e-07,,6.23e-06,9.57e-10,2.4799999999999997e-10,3.55e-24,1.8600000000000002e-11,1.0300000000000001e-11,6.72e-15,3.77e-12,1.3800000000000002e-07
GCA_033557495.1_ASM3355749v1_genomic,GCA_033557495.1,,,,,,,,,,,,
GCA_016097725.1_CZU_Ityp_1.0_genomic,GCA_016097725.1,5.76e-07,2.34e-11,1.28e-06,1.31e-11,4.12e-08,3.34e-13,1.56e-22,1.0800000000000002e-09,3.05e-15,7.02e-14,3.6200000000000007e-13,4.64e-08
GCA_032362365.1_CCMB_ZBic_1.2_genomic,GCA_032362365.1,2.5999999999999994e-51,1.0300000000000001e-60,2.59e-58,8.919999999999998e-76,1.9999999999999996e-62,4.97e-71,1.5799999999999997e-87,3.8699999999999995e-88,0.0,3.969999999999999e-102,1.57e-88,3.31e-73
GCA_911728435.2_icApoCory1.2_genomic,GCA_911728435.2,8.89e-15,8.029999999999999e-19,6.779999999999999e-13,1.43e-18,2.76e-19,6.1399999999999995e-30,1.9099999999999998e-28,1.2200000000000001e-21,1.72e-39,1.12e-38,2.03e-31,9.139999999999999e-21
GCA_029207805.1_icTriConf1.1_genomic,GCA_029207805.1,1.61e-32,2.9899999999999997e-74,9.04e-57,1.0499999999999998e-67,1.39e-63,8.659999999999997e-67,7.97e-73,1.1099999999999999e-69,1.7299999999999994e-118,0.0,7.439999999999998e-90,1.4599999999999997e-78
GCA_018397195.1_ASM1839719v1_genomic,GCA_018397195.1,9.06e-06,3.9300000000000004e-10,5.69e-10,2.73e-26,8.449999999999999e-20,1.05e-32,1.13e-09,2.06e-06,1.3500000000000001e-12,2.4399999999999998e-32,1.11e-34,1.7100000000000002e-15
GCA_965643755.1_icAnoPunc1.hap1.1_genomic,GCA_965643755.1,5.81e-06,,1.3800000000000002e-09,7.1e-31,1.04e-07,7.009999999999999e-38,1.53e-11,3.7200000000000005e-11,9.72e-33,1.2099999999999999e-27,8.340000000000001e-23,3.66e-15
GCA_035357415.1_ASM3535741v1_genomic,GCA_035357415.1,3.04e-28,2.6499999999999998e-43,2.4699999999999996e-35,3.9e-41,4.86e-33,1.24e-32,1.53e-39,1.1699999999999999e-32,1.7899999999999996e-83,6.599999999999999e-49,2.3199999999999995e-37,2.3299999999999997e-37
GCA_965641405.1_icGasViri2.1_genomic,GCA_965641405.1,9.68e-49,5.709999999999999e-65,1.37e-54,4.679999999999999e-84,1.42e-61,3.1499999999999995e-68,3.329999999999999e-79,1.1499999999999997e-92,0.0,6.479999999999998e-101,9.749999999999998e-85,6.269999999999998e-72
GCA_037464855.1_ASM3746485v1_genomic,GCA_037464855.1,1.09e-32,7.719999999999999e-62,9.389999999999999e-40,7.36e-58,3.86e-50,5.97e-61,7.52e-52,1.6199999999999996e-78,7.979999999999998e-101,2.4999999999999994e-106,9.609999999999998e-69,1.1299999999999998e-61
GCA_964258815.1_icAntFasc1.hap1.1_genomic,GCA_964258815.1,1.93e-24,5.29e-49,2.9799999999999997e-30,1.18e-36,7.41e-30,1.2599999999999999e-39,3.68e-42,4.519999999999999e-48,7.369999999999999e-79,2.2399999999999995e-63,1.4899999999999997e-62,4.520000000000001e-51
GCA_042257075.1_Ttra_1_genomic,GCA_042257075.1,5.34e-51,1.25e-66,6.349999999999999e-56,1.4799999999999995e-84,3.1299999999999994e-73,4.59e-72,3.0799999999999995e-89,6.399999999999998e-95,0.0,3.46e-113,9.669999999999998e-92,5.33e-82
GCA_964197785.1_icChrGram1.hap1.1_genomic,GCA_964197785.1,1.9499999999999999e-44,1.64e-60,5.16e-53,8.589999999999999e-76,1.85e-59,5.779999999999999e-71,1.19e-83,1.6899999999999997e-87,0.0,1.8099999999999998e-101,9.029999999999997e-84,5e-76
GCA_964656825.1_icBitCren1.1_genomic,GCA_964656825.1,2.2599999999999997e-46,3.619999999999999e-78,2.22e-61,4.189999999999999e-73,4.19e-68,3.3899999999999996e-72,4.159999999999999e-90,3.3699999999999997e-82,1.1299999999999997e-132,1.3499999999999997e-136,1.9699999999999996e-103,6.709999999999998e-87
GCA_965152765.1_icDenFora10.1_genomic,GCA_965152765.1,2.9899999999999997e-47,6.019999999999999e-64,2.3799999999999996e-68,3.66e-74,2.0499999999999995e-73,3.6099999999999996e-60,3.839999999999999e-67,4.9e-80,1.0999999999999998e-110,9.359999999999998e-139,3.2999999999999994e-88,3.33e-82
GCA_964023965.1_icMelProd3.1_genomic,GCA_964023965.1,7.37e-06,4.5e-07,1.53e-13,2.6100000000000002e-11,4.14e-10,7.349999999999999e-19,1.1e-06,2.3e-09,7.17e-14,2.02e-13,2.14e-22,4.650000000000001e-25
GCA_965643555.1_icRhiAest1.hap1.1_genomic,GCA_965643555.1,,,4.8e-08,,,6.35e-07,,,5.78e-08,,1.04e-13,6.0999999999999995e-33
GCA_958510825.1_icBraGlab1.1_genomic,GCA_958510825.1,2.9e-44,4.2899999999999996e-54,2.36e-42,3.3299999999999992e-65,5.699999999999999e-36,4.89e-52,1.18e-57,9.579999999999999e-83,1.3499999999999997e-84,6.139999999999999e-66,1.3399999999999998e-70,3.16e-58
GCA_011009095.1_Ilumi1.2_genomic,GCA_011009095.1,,6.609999999999999e-13,2.02e-14,2.8700000000000003e-16,5.099999999999999e-13,9.779999999999999e-39,3.9200000000000006e-15,2.78e-11,2.1399999999999998e-27,4.1699999999999995e-30,6.08e-30,4.96e-29
GCA_048127345.1_ASM4812734v1_genomic,GCA_048127345.1,1.74e-29,,,,,3.829999999999999e-09,,1.0900000000000001e-07,1.36e-09,,,
GCA_963989225.1_icDroQuad1.1_genomic,GCA_963989225.1,3.98e-22,,,,,,,,,,4.13e-14,9.4e-07
GCA_050242925.2_icAntRubi4_p1.2_genomic,GCA_050242925.2,,1.46e-06,,,,8.47e-07,3.17e-18,1.78e-06,3.8399999999999997e-10,8.17e-14,3.04e-09,
GCA_964258785.1_icLonFlav1.hap1.1_genomic,GCA_964258785.1,1.1700000000000001e-27,2.05e-43,7.18e-27,5.4399999999999996e-36,6.079999999999999e-41,4.5999999999999995e-38,5.549999999999999e-46,1.18e-36,1.4199999999999994e-83,9.29e-55,2.1e-53,4.9099999999999995e-37
GCA_051362485.1_ASM5136248v1_genomic,GCA_051362485.1,2.02e-08,6.9299999999999994e-15,1.08e-48,6.620000000000001e-25,1.8100000000000004e-13,3.18e-24,5.33e-06,4.99e-13,9.589999999999999e-26,1.6899999999999998e-19,4.17e-35,1.8199999999999998e-28
GCA_031761425.1_arthropoda_binned_genomic,GCA_031761425.1,3.83e-07,4.48e-10,,2.0500000000000002e-10,1.0800000000000002e-09,2.67e-10,2.06e-34,7.2e-11,2.72e-12,3.56e-14,1.37e-15,9.859999999999999e-11
GCA_000390285.2_Agla_2.0_genomic,GCA_000390285.2,3.59e-43,1.0899999999999998e-73,1.0599999999999999e-53,1.2999999999999999e-77,8.029999999999998e-71,2.5999999999999998e-73,2.1099999999999996e-87,5.2599999999999986e-96,0.0,8.829999999999999e-111,2.9199999999999994e-91,1.3599999999999997e-75
GCA_958502075.1_icOrcRusc1.1_genomic,GCA_958502075.1,1.13e-07,3.9299999999999994e-13,1.09e-06,4.0999999999999996e-16,7.42e-12,1.97e-18,1.67e-37,2.2800000000000004e-22,3.3399999999999996e-32,1.19e-19,6.09e-19,2.26e-13
GCA_033557545.1_ASM3355754v1_genomic,GCA_033557545.1,,,,,,,,,,,,
GCA_963170105.1_icCanLate1.1_genomic,GCA_963170105.1,1.4800000000000003e-09,3.7e-27,1.19e-19,1.9899999999999996e-45,3.45e-11,3.319999999999999e-64,7.38e-15,1.2e-09,1.8499999999999998e-63,1.0999999999999999e-47,1.7899999999999997e-70,2.8799999999999997e-39
GCA_033557685.1_ASM3355768v1_genomic,GCA_033557685.1,,,,,,,,,,,,
GCA_949128115.1_icAnaMacu3.1_genomic,GCA_949128115.1,2.8499999999999997e-41,6.1699999999999984e-71,3.659999999999999e-67,6.1199999999999994e-68,1.5399999999999998e-57,5.299999999999999e-60,2.1799999999999998e-74,9.889999999999998e-78,3.7499999999999995e-113,4.7899999999999986e-117,1.81e-87,3.0099999999999993e-78
GCA_965642315.1_icOrcUndu1.hap1.1_genomic,GCA_965642315.1,8.279999999999999e-43,6.0399999999999984e-74,1.0299999999999999e-48,2.1899999999999997e-60,4.259999999999999e-59,1.5099999999999996e-65,8.959999999999999e-76,1.1099999999999997e-70,4.51e-108,3.7999999999999997e-121,2.3599999999999996e-81,2.85e-82
GCA_947652605.1_icElmAene2.1_genomic,GCA_947652605.1,,,1.8e-06,2.03e-06,,3e-06,,7.86e-06,4.1200000000000004e-07,1.25e-08,3.03e-15,6.86e-06
GCA_032191685.1_ASM3219168v1_genomic,GCA_032191685.1,,5.1e-09,2.01e-31,6.19e-09,5.889999999999999e-13,1.6099999999999999e-10,6.57e-07,,1.72e-20,1.9e-13,3.87e-27,2.04e-14
GCA_965643005.1_icPhyViri1.hap2.1_genomic,GCA_965643005.1,1.29e-07,5.56e-11,,3.39e-12,4.72e-13,1.29e-13,1.73e-36,4.94e-10,2.47e-19,3.63e-18,1.91e-18,3.4999999999999997e-13
GCA_036325965.1_kiz_Ess_v1_genomic,GCA_036325965.1,,,,,,,,,,,,
GCA_959613385.1_icGeoSpin1.1_genomic,GCA_959613385.1,7.51e-12,5.31e-18,5.4e-21,2.1e-23,1.47e-21,2.0999999999999998e-22,2.42e-20,1.1799999999999999e-20,7.730000000000001e-37,6.599999999999999e-30,2.54e-44,6.289999999999999e-37
GCA_027580035.1_ASM2758003v1_genomic,GCA_027580035.1,1.75e-06,1.49e-16,4.34e-07,9.520000000000001e-23,8.18e-20,3.5600000000000005e-25,3.94e-07,,1.9399999999999998e-13,7.090000000000001e-09,1.73e-14,1.06e-08
GCA_008802855.1_Ppyr1.3_genomic,GCA_008802855.1,4.0899999999999997e-13,2.3400000000000003e-27,1.61e-11,8.99e-19,6.729999999999999e-17,1.6499999999999999e-71,8.990000000000001e-22,1.6e-27,1.4800000000000002e-45,6.75e-20,3.77e-45,7.839999999999999e-34
GCA_035578165.1_UIUC_Steoc_1.0_genomic,GCA_035578165.1,2.3600000000000002e-26,,,,,,4.1999999999999996e-09,,,,,
GCA_051047995.1_icCurCary2.1_genomic,GCA_051047995.1,1.96e-07,1.66e-10,2.93e-14,1.5299999999999999e-09,4.4e-14,4.2799999999999994e-13,3.33e-50,3.3e-23,1.08e-32,1.1300000000000002e-19,6.26e-16,2.57e-14
GCA_965279825.1_icNacMela1.hap1.1_genomic,GCA_965279825.1,2.24e-38,6.229999999999999e-65,9.34e-54,4.719999999999999e-68,2.04e-56,3.619999999999999e-64,2.3799999999999996e-65,3.3999999999999994e-67,1.1899999999999997e-101,2.4999999999999996e-107,2.039999999999999e-83,6.649999999999999e-75
GCA_047676225.1_BDFB_2.0_principal_genomic,GCA_047676225.1,3.95e-44,8.06e-78,4.0299999999999993e-63,1.6299999999999995e-76,2.2499999999999997e-64,1.55e-73,4.17e-93,1.6499999999999998e-77,2.8799999999999994e-127,1.3999999999999997e-147,1.4799999999999998e-98,1.0199999999999999e-82
GCA_029619315.2_ASM2961931v2_genomic,GCA_029619315.2,,,,,,,,,,,,
GCA_015342125.1_ASM1534212v1_genomic,GCA_015342125.1,2.92e-43,4.4799999999999993e-61,3.26e-51,3.1799999999999994e-79,2.33e-60,7.749999999999998e-71,7.369999999999999e-87,9.009999999999998e-87,0.0,1.2999999999999997e-110,4.409999999999999e-87,2.1099999999999995e-78
GCA_036346205.1_kiz_Ves_v1_genomic,GCA_036346205.1,,2.16e-08,,9.72e-16,1.1100000000000001e-13,1.9799999999999998e-61,4.96e-18,7.17e-11,1.1099999999999998e-27,2.56e-11,4.91e-16,8.8e-22
GCA_958336395.1_icCteCupr1.1_genomic,GCA_958336395.1,,,6.66e-07,3.2199999999999997e-10,,1.41e-26,,3.56e-08,2.79e-16,8.400000000000001e-10,5.46e-16,2.29e-11
GCA_034642435.1_ASM3464243v1_genomic,GCA_034642435.1,3.97e-39,0.0,3.6e-49,5.27e-53,8.329999999999999e-34,5.12e-46,1.9499999999999998e-60,1.25e-59,1.51e-76,1.3399999999999998e-69,6.899999999999999e-69,2.05e-52
GCA_036346155.1_kiz_Spe_v1_genomic,GCA_036346155.1,,4.63e-08,3.16e-07,6.09e-23,1.22e-17,7.91e-37,2.46e-08,1.71e-11,5.9500000000000004e-24,2.34e-19,9.83e-24,6.360000000000001e-28
GCA_051251045.1_ASM5125104v1_genomic,GCA_051251045.1,1.3799999999999998e-26,4.86e-35,5.98e-33,4.75e-38,1.3299999999999999e-30,6.859999999999999e-34,6.539999999999999e-33,1.29e-32,2.2999999999999995e-83,5.92e-46,4.5299999999999994e-45,2.29e-35
GCA_965642075.1_icAroMosc1.hap1.1_genomic,GCA_965642075.1,1.76e-47,3.2499999999999993e-62,6.62e-54,9.95e-85,1.3399999999999998e-62,5.3999999999999995e-76,5.269999999999999e-88,4.209999999999999e-83,0.0,3.869999999999999e-107,1.4799999999999997e-92,2.6899999999999993e-79
GCA_963971575.1_icLioHaem2.1_genomic,GCA_963971575.1,1.3900000000000001e-07,,,,,,,,,3.36e-06,1.61e-06,
GCA_964059645.1_icCalQuat4.1_genomic,GCA_964059645.1,1.9099999999999997e-45,0.0,5.299999999999999e-45,1.29e-56,4.41e-32,1.1099999999999998e-38,1.8e-56,1.1799999999999999e-63,3.3199999999999994e-76,2.5399999999999995e-66,1.0999999999999998e-66,3.0599999999999997e-53
GCA_050230235.1_HU_Bdis_1.0_genomic,GCA_050230235.1,2.1899999999999993e-119,1.14e-12,3.68e-17,2.0600000000000002e-18,3.28e-20,2.28e-15,1.3100000000000001e-17,1.26e-17,1.33e-20,1.75e-16,5.75e-23,4.1799999999999996e-19
GCA_935413205.1_icPolCerv1.1_genomic,GCA_935413205.1,3.83e-08,2.9499999999999996e-10,6.8e-07,8.04e-13,6.12e-13,6.52e-15,3.9299999999999994e-25,1.34e-13,1.6799999999999998e-20,7.67e-18,2.48e-17,2.2500000000000003e-13
GCA_965178105.1_icLonDors1.hap1.1_genomic,GCA_965178105.1,2.14e-26,6.7299999999999995e-40,4.16e-28,6.62e-36,8.15e-36,4.76e-38,1.18e-47,2.9899999999999996e-41,1.4299999999999997e-84,8.89e-57,1.32e-50,2.0399999999999997e-37
GCA_033557515.1_ASM3355751v1_genomic,GCA_033557515.1,4.04e-12,2.28e-09,1.2399999999999998e-79,1.18e-17,,1.89e-14,5.04e-07,,1.04e-24,1.2700000000000001e-13,1.94e-52,3.32e-24
GCA_963942505.1_icLorLunu1.1_genomic,GCA_963942505.1,,,3.48e-18,7.59e-13,1.5699999999999999e-13,,1.1e-13,,1.22e-13,8.329999999999999e-11,1.51e-22,9.68e-18
GCA_965119595.1_icLimPone1.hap1.1_genomic,GCA_965119595.1,,3.6299999999999995e-07,6.949999999999999e-09,1.26e-21,3.64e-06,1.1199999999999997e-41,3.23e-10,5.710000000000001e-13,1.45e-30,7.640000000000001e-25,1.8899999999999996e-33,8.29e-23
GCA_036711965.1_IU_Osag_1.0_genomic,GCA_036711965.1,,3e-09,1.6199999999999996e-78,2.7e-07,4.25e-07,1.41e-07,3.12e-07,,1.03e-10,6.11e-15,2.1e-17,2.5500000000000002e-11
GCA_964338995.1_icQueLate1.hap1.1_genomic,GCA_964338995.1,,,5.32e-07,1.6399999999999998e-08,1.56e-10,6.3900000000000005e-09,,6.740000000000001e-11,4.24e-12,,1.83e-12,
GCA_022605725.1_icAntGran1.1_genomic,GCA_022605725.1,4.19e-06,1.0099999999999999e-07,3.91e-06,1.35e-06,6.7e-06,4.07e-10,2.42e-16,4.5899999999999997e-07,8.53e-14,2.31e-14,3.48e-10,3.11e-08
GCA_927349885.1_PGI_PSYICH_v2_genomic,GCA_927349885.1,4.15e-06,,,7.68e-13,1.27e-09,4.22e-08,1.16e-12,1.0200000000000002e-18,1.2099999999999999e-23,6.909999999999999e-15,4.13e-12,1.32e-08
GCA_033557835.1_ASM3355783v1_genomic,GCA_033557835.1,,,,,,,,,,,,
GCA_949768715.1_icDasCerv2.1_genomic,GCA_949768715.1,,1.95e-18,4.24e-09,1.16e-09,8.44e-15,4.99e-22,3.98e-09,6.990000000000001e-07,3.16e-16,5.11e-21,4.89e-15,1.82e-12
GCA_963932245.1_icTacRufp1.1_genomic,GCA_963932245.1,,,5.28e-06,1.86e-06,3.03e-12,3.18e-08,,1.96e-06,1.26e-12,3.75e-07,3.11e-12,4.5899999999999997e-07
GCA_020654165.1_S4-7k-2v3_genomic,GCA_020654165.1,,,,,,,,,,,,
GCA_944039245.1_icNebSali1.1_genomic,GCA_944039245.1,3.1499999999999996e-31,,,2.0399999999999997e-07,,1.89e-08,,,,,,
GCA_050785175.1_Cbla_1.0_genomic,GCA_050785175.1,2.1399999999999997e-34,2.12e-13,,,1.03e-06,,,,2.56e-06,,,1.47e-08
GCA_964211865.1_icAphFime1.1_genomic,GCA_964211865.1,1.47e-15,6.370000000000001e-10,5e-27,1.22e-19,6.35e-13,2.64e-32,,1.65e-11,9.070000000000001e-29,9.81e-26,8.079999999999999e-40,2.58e-35
GCA_031307605.1_icTriCast1.1_genomic,GCA_031307605.1,3.37e-41,1.53e-59,7.830000000000001e-56,1.2999999999999997e-66,6.089999999999999e-60,1.81e-56,1.0299999999999999e-75,1.2399999999999997e-78,9.229999999999998e-114,0.0,2.22e-84,6.379999999999999e-70
GCA_947359425.1_icLagHirt1.1_genomic,GCA_947359425.1,2.86e-40,4.949999999999999e-49,4.33e-49,2.2499999999999998e-70,2.6299999999999996e-54,1.4899999999999997e-64,1.6999999999999997e-67,3.3699999999999993e-62,3.7599999999999986e-104,2.4499999999999996e-100,1.2999999999999998e-79,4.849999999999999e-74
GCA_963920635.1_icEneSepi1.1_genomic,GCA_963920635.1,3.5499999999999995e-13,2.25e-23,4.84e-17,8.8e-15,1.02e-22,4.45e-24,1.3e-30,6.25e-19,1.0099999999999999e-32,4.59e-32,2.68e-25,5.5500000000000005e-22
GCA_050230255.1_HU_Tlew_1.0_genomic,GCA_050230255.1,0.0,1.15e-37,4.569999999999999e-34,2.1899999999999996e-45,1.0499999999999999e-30,9.57e-30,5.8e-42,2.4199999999999996e-43,2.8800000000000003e-43,1.05e-39,1.51e-51,8.689999999999999e-43
GCA_047936755.1_ASM4793675v1_genomic,GCA_047936755.1,3.67e-14,2.2100000000000002e-13,2.32e-12,2.68e-18,2.67e-20,5.3e-21,2.8399999999999998e-39,1.37e-23,6.85e-34,2.36e-33,2.56e-28,4.670000000000001e-21
GCA_963942485.1_icPedDerm1.1_genomic,GCA_963942485.1,1.28e-40,4.219999999999999e-68,3.9799999999999994e-54,2.4499999999999995e-63,1.4999999999999997e-64,1.0399999999999998e-50,1.2199999999999998e-70,1.1299999999999999e-90,2.3899999999999995e-114,9.489999999999998e-94,2.849999999999999e-81,1.2299999999999999e-71
GCA_025584915.1_ASM2558491v1_genomic,GCA_025584915.1,,,,,,,,,1.1100000000000001e-21,,,
GCA_911387805.1_icCanRust1.1_genomic,GCA_911387805.1,7.57e-09,1.13e-25,1.11e-25,3.0699999999999995e-32,1.27e-14,1.51e-39,2.63e-12,,1.06e-40,7.32e-36,7.58e-41,7.41e-32
GCA_037013635.1_ASM3701363v1_genomic,GCA_037013635.1,5.549999999999999e-39,2.3699999999999997e-62,1.1399999999999998e-48,4.689999999999999e-82,1.76e-54,1.89e-61,3.5199999999999995e-75,4.2699999999999986e-86,2.8899999999999985e-179,3.929999999999999e-103,1.0299999999999999e-83,8.479999999999999e-64
GCA_041296355.1_Hham4.1_genomic,GCA_041296355.1,,2.28e-06,,2.3500000000000003e-12,7.58e-07,2.2599999999999997e-08,3.96e-11,3.51e-14,6.98e-14,3.11e-11,6.13e-11,1.4400000000000002e-09
GCA_958502065.1_icChrAmer1.1_genomic,GCA_958502065.1,1.03e-49,1.4499999999999997e-62,2.5800000000000002e-51,4.2699999999999985e-76,6.849999999999999e-59,2.2799999999999998e-70,6.649999999999999e-87,5.28e-85,0.0,1.8199999999999998e-105,1.7799999999999994e-84,5.54e-76
GCA_964211925.1_icKykRobo1.hap1.1_genomic,GCA_964211925.1,2.04e-08,1.13e-10,1.73e-07,1.3599999999999999e-11,2.9699999999999997e-15,2.8699999999999994e-13,1.5499999999999997e-27,1.46e-12,8.98e-19,5.91e-16,2.7500000000000003e-21,5.320000000000001e-13
GCA_958510855.1_icRhaLute1.1_genomic,GCA_958510855.1,2.73e-10,9.329999999999999e-29,2.44e-14,3.03e-34,9.02e-18,6.4e-61,5.96e-11,3.98e-08,7.449999999999999e-39,2.4399999999999998e-36,2.0800000000000002e-43,8.72e-32
GCA_950108345.1_icMalFlav1.1_genomic,GCA_950108345.1,2e-07,9.629999999999999e-10,6.38e-07,2.79e-19,1.98e-11,8.83e-38,4.14e-06,2.84e-07,4.73e-17,6.88e-18,6.37e-22,3.0699999999999996e-20
GCA_963942605.1_icPoeCupr1.1_genomic,GCA_963942605.1,7.76e-34,,,,,2.94e-07,,,,,,
GCA_963695495.1_icHolPlan1.1_genomic,GCA_963695495.1,1.73e-07,9.2e-10,,1.53e-10,1.42e-07,3.53e-11,,8.200000000000001e-10,6.110000000000001e-16,1.3800000000000001e-15,4.1399999999999997e-19,1.48e-14
GCA_044115395.2_icAgrPube1_p1.2_genomic,GCA_044115395.2,,,,1.95e-09,1.57e-08,6.069999999999999e-13,,3.7e-09,9.26e-09,5.4400000000000004e-08,1.47e-15,2.31e-22
GCA_030264695.1_Caltech_Lis_1.0_genomic,GCA_030264695.1,1.07e-08,,7.58e-07,3.58e-10,2.98e-14,1.99e-14,1.76e-11,,2.27e-19,1.56e-08,6.4400000000000006e-21,1.23e-12
GCA_949320105.2_icCreAure2.2_genomic,GCA_949320105.2,3.8299999999999994e-21,5.85e-20,5.78e-36,1.97e-33,1.3e-24,4.42e-33,1.24e-16,6.269999999999999e-36,1.4799999999999997e-76,9.48e-54,2.2699999999999997e-38,1.8700000000000002e-40
GCA_029955515.1_icChrAene1.0.hap1_genomic,GCA_029955515.1,7.37e-42,1.1900000000000002e-61,2.03e-53,4.879999999999999e-81,4.16e-57,1.1599999999999998e-71,2.0799999999999995e-79,1.4299999999999997e-90,0.0,2.6899999999999996e-96,2.1599999999999997e-84,4.689999999999998e-74
GCA_046129895.1_icCalAlnx1_p1.1_genomic,GCA_046129895.1,5.229999999999999e-47,6.12e-59,2.92e-53,1.6099999999999995e-74,2.1600000000000002e-57,1.01e-67,7.0099999999999986e-90,5.55e-86,0.0,1.7399999999999996e-103,3.96e-82,9.429999999999998e-78
GCA_015342085.1_ASM1534208v1_genomic,GCA_015342085.1,1.54e-44,1.69e-61,3.6299999999999996e-50,5.489999999999999e-79,3.92e-58,1.4699999999999996e-69,9.719999999999998e-86,2.0199999999999996e-85,0.0,3.9399999999999984e-109,3.0299999999999997e-87,3.6399999999999993e-75
GCA_963422195.1_icCarProb1.1_genomic,GCA_963422195.1,2.73e-35,3.8699999999999997e-13,,,4.0899999999999997e-07,2.7300000000000003e-12,,,2.28e-06,,2.64e-06,2.6100000000000003e-09
GCA_046866795.1_CAS_G.jap_1.0_genomic,GCA_046866795.1,5.7e-37,1.4199999999999997e-65,5.8299999999999995e-46,5.029999999999999e-72,8.880000000000001e-60,3.06e-61,2.16e-88,8.88e-87,9.129999999999999e-116,1.7499999999999996e-97,3.6599999999999994e-80,2.3099999999999997e-67
GCA_965643495.1_icMegUnda1.hap1.1_genomic,GCA_965643495.1,,1.48e-07,9.81e-13,1.2300000000000001e-17,2.94e-12,1.87e-33,4.25e-12,3.09e-14,1.1699999999999999e-36,3.35e-25,8.97e-29,1.38e-24
GCA_964263205.1_icSitLine7.1_genomic,GCA_964263205.1,6.759999999999999e-11,7.440000000000001e-11,2.0199999999999998e-07,3.99e-11,3.49e-15,1.0099999999999999e-17,3.8699999999999995e-30,1.2199999999999999e-11,1.1300000000000002e-19,6.34e-17,6.83e-17,3.59e-11
GCA_965643735.1_icHypRumi1.hap1.1_genomic,GCA_965643735.1,4.37e-08,1.65e-08,,3.5600000000000005e-11,6.579999999999998e-13,1.4499999999999998e-11,2.4100000000000002e-29,6.05e-10,4.97e-15,3.77e-17,1.6299999999999999e-13,2.0699999999999997e-11
GCA_033557285.1_ASM3355728v1_genomic,GCA_033557285.1,,,,,,,,,,,,
GCA_030704885.1_ASM3070488v1_genomic,GCA_030704885.1,2.4599999999999998e-40,1.0399999999999997e-170,2.5799999999999997e-44,2.1799999999999998e-58,2.85e-34,8.659999999999999e-43,3.08e-60,1.7899999999999997e-67,1.3799999999999998e-78,1.7199999999999998e-68,7.679999999999999e-55,5.959999999999999e-56
GCA_963971325.1_icAphGran1.1_genomic,GCA_963971325.1,1.02e-20,1.72e-18,4.36e-24,4.02e-24,2.24e-14,8.499999999999999e-29,6.210000000000001e-13,6e-19,5.91e-29,8.31e-27,1.39e-45,7.0100000000000005e-28
GCA_050230135.1_HU_Khir_1.0_genomic,GCA_050230135.1,0.0,5.379999999999999e-37,1.06e-36,3.52e-41,7.1e-27,2.9999999999999996e-34,1.0299999999999999e-40,9.899999999999999e-37,7.49e-43,1.8499999999999998e-42,2.18e-55,6.03e-46
GCA_050437245.1_Lucanus_miwai_v1_genomic,GCA_050437245.1,1.71e-14,2.42e-12,4.31e-18,4.77e-18,4.66e-06,3.3100000000000003e-22,3.5700000000000003e-09,1.51e-06,7.200000000000001e-16,1.01e-21,5.829999999999999e-100,3.5400000000000003e-29
GCA_039881205.1_ESF131.1_genomic,GCA_039881205.1,5.58e-11,6.840000000000001e-20,1.49e-15,7.339999999999999e-12,2.27e-14,1.71e-23,4.079999999999999e-68,2.16e-19,3.74e-37,3.0299999999999996e-32,3.76e-34,1.4400000000000001e-21
GCA_033557245.1_ASM3355724v1_genomic,GCA_033557245.1,,,,,,,,,,,,
GCA_050941775.1_Bru-kiz_genomic,GCA_050941775.1,8.209999999999999e-41,1.1999999999999997e-70,5.36e-54,3.3799999999999993e-78,1.99e-60,2.4499999999999996e-76,5.619999999999998e-87,8.839999999999998e-87,0.0,2.5999999999999992e-107,8.419999999999999e-94,2.2599999999999998e-79
GCA_963921985.1_icAgrBigu1.1_genomic,GCA_963921985.1,4.53e-40,4.16e-49,5.429999999999999e-48,0.0,8.779999999999999e-43,1.35e-65,4.1100000000000004e-55,1.36e-53,3.0399999999999995e-77,1.0599999999999998e-70,2.5299999999999996e-70,3.019999999999999e-63
GCA_965278915.1_icAstAngu6.1_genomic,GCA_965278915.1,,,,,,,,,,,,
GCA_936432065.2_icLepMacu1.2_genomic,GCA_936432065.2,3.31e-47,6.849999999999999e-68,2.01e-49,9.069999999999999e-76,3.749999999999999e-72,2.3299999999999997e-74,4.039999999999999e-98,4.079999999999999e-91,0.0,1.6699999999999995e-111,1.73e-91,7.779999999999999e-80
GCA_029298725.1_icGnaCorn1.1_genomic,GCA_029298725.1,3.4e-50,5.539999999999999e-62,1.51e-51,6.709999999999999e-76,7.269999999999999e-63,1.8499999999999996e-66,5.099999999999999e-80,1.1599999999999998e-71,7.849999999999996e-107,2.239999999999999e-143,6.599999999999998e-90,4.139999999999999e-80
GCA_000699045.2_Apla_2.0_genomic,GCA_000699045.2,1.3699999999999996e-45,5.979999999999998e-55,1.7399999999999997e-51,0.0,1.66e-42,3.57e-63,3.22e-48,3.8299999999999994e-55,7.129999999999999e-78,9.019999999999999e-66,1.3599999999999997e-70,1.3400000000000001e-55
GCA_958507055.1_icCriAspa1.1_genomic,GCA_958507055.1,3.42e-36,7.08e-61,3.16e-43,3.399999999999999e-76,2.18e-36,1.62e-49,1.3799999999999998e-62,1.2099999999999997e-66,5.149999999999999e-133,2.9399999999999994e-80,1.2799999999999998e-64,9.499999999999998e-63
GCA_963969525.1_icOntMuri1.1_genomic,GCA_963969525.1,,,2.3100000000000002e-17,8.17e-20,1.53e-13,6.0499999999999995e-12,4.0899999999999996e-08,,2.92e-09,2.2400000000000002e-22,6.23e-36,1.1699999999999999e-07
GCA_024364675.1_icAetTumi1.1_genomic,GCA_024364675.1,1.5600000000000001e-46,1.32e-61,4.18e-40,1.0999999999999999e-57,1.35e-45,8.01e-43,2.5e-57,0.0,1.5499999999999995e-99,1.0599999999999998e-78,1.4699999999999998e-58,3.13e-53
GCA_027576155.1_ASM2757615v1_genomic,GCA_027576155.1,,6.24e-06,6.41e-08,,1.73e-12,4.09e-09,,,1.28e-06,7.3e-09,3.8399999999999997e-10,
GCA_040954645.1_icDiaUnde3_genomic,GCA_040954645.1,1.22e-25,5.55e-35,8.07e-39,2.45e-40,3.25e-25,1.67e-34,4.2599999999999994e-38,1.7299999999999999e-37,2.8699999999999994e-91,1.0699999999999999e-55,8.66e-46,1.58e-31
GCA_019419845.2_ASM1941984v2_genomic,GCA_019419845.2,3.11e-17,9.96e-21,2.73e-08,6.27e-25,5.88e-21,8.28e-29,1.02e-14,1.48e-14,1.03e-32,1.77e-21,2.22e-26,3.63e-18
GCA_951805005.1_icOthPunc1.1_genomic,GCA_951805005.1,1.29e-10,2.0199999999999998e-07,1.1900000000000001e-07,8.379999999999999e-13,1.01e-20,2.49e-13,5.29e-08,1.6e-07,1.79e-12,1.16e-14,1.66e-20,2.7100000000000003e-15
GCA_040543525.2_ASM4054352v2_genomic,GCA_040543525.2,4.89e-22,1.0699999999999998e-37,2.83e-22,4.43e-27,9.09e-14,1.0199999999999999e-21,4.4699999999999994e-26,1.7100000000000001e-18,3.79e-37,2.47e-34,4.92e-31,5.49e-28
GCA_026250575.1_icDioCari1.1_genomic,GCA_026250575.1,1.76e-27,1.99e-44,2.09e-40,1.4999999999999997e-46,1.6599999999999997e-32,3.3799999999999996e-34,3.0800000000000002e-49,6.269999999999999e-39,1.1499999999999998e-82,3.05e-50,1.0400000000000001e-43,5.07e-42
GCA_013841215.1_ASM1384121v1_genomic,GCA_013841215.1,9.219999999999999e-39,2.11e-54,1.8e-39,2.6899999999999996e-58,1.26e-42,3.529999999999999e-60,7.929999999999998e-63,7.809999999999998e-63,5.8999999999999985e-95,1.1199999999999997e-87,6.949999999999998e-69,5.23e-56
GCA_911728475.2_icPteMadi1.2_genomic,GCA_911728475.2,2.1099999999999998e-30,,,,9.53e-07,,,,,1.24e-06,,
GCA_015342105.1_ASM1534210v1_genomic,GCA_015342105.1,3.26e-43,1.46e-59,4.179999999999999e-49,4.689999999999999e-75,4.04e-58,2.5599999999999993e-69,3.5299999999999996e-85,1.9299999999999995e-84,0.0,1.6599999999999997e-106,8.719999999999999e-85,8.67e-75
GCA_030264535.1_Caltech_Lnew_1.0_genomic,GCA_030264535.1,,2.21e-14,2.02e-08,1.42e-10,4.48e-18,7.98e-21,,1.18e-12,2.76e-28,1.58e-14,3.23e-14,1.73e-07
GCA_943142095.1_icOphArdo1.1_genomic,GCA_943142095.1,2.93e-18,,,,,,,,2.61e-06,,,8.61e-06
GCA_964291765.2_icCarBano7.2_genomic,GCA_964291765.2,3.829999999999999e-37,5.11e-14,,,5.54e-08,9.68e-09,,1.18e-08,5.31e-09,2.89e-06,6.22e-07,3.1299999999999996e-08
GCA_947389935.1_icAgrCyan1.1_genomic,GCA_947389935.1,1.03e-43,4.3800000000000004e-54,1.1299999999999998e-50,0.0,1.6400000000000001e-50,5.299999999999999e-69,4.709999999999999e-56,6.519999999999998e-60,1e-81,8.139999999999999e-66,2.8099999999999996e-72,1.9199999999999998e-58
GCA_014170235.1_ASM1417023v1_genomic,GCA_014170235.1,5.49e-07,8.43e-07,,4.45e-07,2.8999999999999997e-11,1.83e-07,4.49e-21,7.28e-11,1.38e-12,2.85e-14,3.72e-14,1.5e-06
GCA_015342205.1_ASM1534220v1_genomic,GCA_015342205.1,8.64e-43,1.8399999999999997e-61,1.49e-50,8.78e-77,5.55e-59,3.779999999999999e-69,3.259999999999999e-86,7.369999999999998e-86,0.0,4.979999999999999e-109,5.179999999999999e-85,3.28e-76
GCA_965276455.1_icNotMono1.hap1.1_genomic,GCA_965276455.1,9.81e-41,2.1399999999999995e-61,4.4699999999999994e-60,1.5899999999999998e-62,5.71e-51,1.8999999999999996e-70,4.749999999999999e-66,5.8399999999999984e-71,5.3199999999999993e-104,2.269999999999999e-103,4.2199999999999996e-86,1.1499999999999998e-68
GCA_044734075.1_CalTep_1.1_genomic,GCA_044734075.1,8.3e-48,1.06e-09,,,3.47e-06,6.69e-17,1.42e-08,,2.01e-21,1.35e-06,1.04e-08,7.16e-15
GCA_043773845.1_icDicDila1.0.a_genomic,GCA_043773845.1,1.4300000000000002e-21,2.19e-06,,,,2.56e-06,1.42e-07,,,,,
GCA_004796505.1_ASM479650v1_genomic,GCA_004796505.1,7.3800000000000005e-37,9.179999999999997e-67,8.19e-46,2.3399999999999995e-56,2.8399999999999998e-42,3.33e-54,7.019999999999999e-71,8.07e-65,2.4499999999999994e-98,9.51e-78,7.859999999999998e-69,1.1399999999999999e-62
GCA_964058775.1_icTetFusc2.1_genomic,GCA_964058775.1,8.49e-42,1.2799999999999996e-69,4.87e-45,3.2299999999999987e-77,5.7099999999999996e-58,9.769999999999997e-72,1.2399999999999998e-85,4.529999999999999e-81,0.0,4.859999999999999e-102,1.1699999999999999e-76,8.159999999999999e-74
GCA_963971135.1_icSteBima1.1_genomic,GCA_963971135.1,3e-08,2.4899999999999997e-07,4.85e-12,9.04e-13,3.6399999999999996e-13,1.7e-11,1.49e-14,2.36e-06,6.43e-17,4.61e-11,4.95e-20,2.6600000000000003e-09
GCA_963675555.1_icLepQuad1.1_genomic,GCA_963675555.1,1.0899999999999999e-47,1.4699999999999997e-68,7.73e-51,7.189999999999999e-76,9.619999999999997e-66,1.1199999999999998e-66,2.74e-96,4.1199999999999994e-86,0.0,1.9599999999999993e-107,1.6999999999999996e-85,4.1499999999999995e-78
GCA_965601895.1_icHarAnxi1.hap1.1_genomic,GCA_965601895.1,4.8e-16,,,,,,,,3.06e-06,,,
GCA_033060865.1_AHU_Dhop_1.0_genomic,GCA_033060865.1,1.8600000000000002e-15,9.139999999999999e-18,1e-18,1.94e-24,8.43e-13,2.57e-25,5.56e-06,9.34e-18,2.47e-38,2.3399999999999997e-32,0.0,8.999999999999999e-34
GCA_030264675.1_Caltech_Anig_1.0_genomic,GCA_030264675.1,1.43e-12,1.76e-16,9.91e-23,1.0900000000000001e-16,2.01e-39,3.12e-21,1.21e-12,3.69e-10,1.4999999999999998e-24,1.95e-13,7.53e-28,4.28e-25
GCA_027574925.1_ASM2757492v1_genomic,GCA_027574925.1,,,,1.73e-06,2.52e-08,8.49e-07,,,,,2.2800000000000001e-10,3.87e-06
GCA_015342045.1_ASM1534204v1_genomic,GCA_015342045.1,1.0099999999999999e-42,5.42e-63,1.72e-50,2.7099999999999994e-78,2.06e-58,1.0299999999999999e-65,7.36e-89,1.5999999999999999e-83,0.0,1.1999999999999997e-107,4.709999999999999e-86,3.749999999999999e-77
GCA_018691245.2_ASM1869124v2_genomic,GCA_018691245.2,5.979999999999999e-07,2.2799999999999998e-11,2.36e-06,1.28e-11,4.0199999999999996e-08,3.27e-13,1.53e-22,2.57e-09,2.98e-15,6.87e-14,3.54e-13,4.54e-08
GCA_030264175.1_Caltech_Oxy_1.0_genomic,GCA_030264175.1,,1.92e-09,1.3900000000000001e-07,1.15e-07,4.01e-11,6.9e-07,9.33e-11,2.71e-10,2.7799999999999996e-20,,2.53e-09,
GCA_038088585.1_Cglo_1.0_genomic,GCA_038088585.1,,,,,,,,,8.71e-09,,,
GCA_034190945.1_ASM3419094v1_genomic,GCA_034190945.1,1.18e-37,2.3099999999999995e-70,3.7e-48,9.959999999999997e-69,2.21e-58,6.779999999999998e-65,1.1499999999999998e-73,1.1799999999999998e-72,1.2199999999999996e-150,1.0399999999999998e-89,2.5299999999999992e-80,1.1799999999999998e-69
GCA_946251905.1_icCryMora2.1_genomic,GCA_946251905.1,6.82e-31,1.34e-48,1.32e-37,3.92e-50,4.02e-49,1.6899999999999996e-45,6.26e-57,7.52e-51,1.35e-118,9.64e-75,7.28e-59,7.09e-54
GCA_004143645.1_ASM414364v1_genomic,GCA_004143645.1,,,,,,,,,,,,
GCA_964028335.1_icAltLyth1.1_genomic,GCA_964028335.1,1.71e-24,1.1e-31,7.45e-26,4.13e-32,4.94e-17,6.89e-31,5e-28,3.5099999999999997e-35,1.9999999999999997e-70,1.04e-44,1.12e-42,5.21e-28
GCA_964338635.1_icOpiMoll1.hap1.1_genomic,GCA_964338635.1,6.06e-40,8.469999999999999e-72,2.719999999999999e-54,1.2599999999999998e-65,6.689999999999999e-65,9.739999999999998e-64,2.2299999999999997e-78,4.509999999999999e-82,4.5299999999999986e-116,6.839999999999999e-101,1.66e-83,4.67e-65
GCA_963583905.1_icSteMela1.1_genomic,GCA_963583905.1,2.3999999999999997e-51,7.069999999999998e-67,5.82e-50,4.899999999999999e-75,3.71e-68,1.1499999999999998e-68,1.3999999999999996e-94,2.5199999999999995e-90,0.0,4.149999999999999e-110,2.4399999999999993e-86,3.529999999999999e-77
GCA_949126875.1_icLocCapr1.1_genomic,GCA_949126875.1,3.3099999999999996e-34,3.699999999999999e-50,5.1399999999999995e-42,9.45e-41,3.38e-35,1.91e-33,1.3599999999999999e-37,1.27e-32,7.799999999999999e-87,6.049999999999999e-56,2.0999999999999996e-45,8.919999999999999e-44
GCA_029963845.1_MPICE_RBIC_1_genomic,GCA_029963845.1,1.46e-36,1.3499999999999998e-55,1.6999999999999998e-43,1.83e-37,2.45e-56,3.9499999999999994e-57,3.5899999999999995e-75,1.35e-45,7.969999999999998e-115,4.929999999999999e-88,7.26e-37,2.04e-32
GCA_047651835.1_ASM4765183v1_genomic,GCA_047651835.1,8.960000000000001e-08,6.23e-13,1.37e-06,2.68e-45,3.3500000000000002e-09,8.39e-16,,1.84e-08,2.2299999999999996e-38,1.15e-29,1.0800000000000001e-17,9.19e-14
GCA_041228495.2_icAgrManc1_p1.2_genomic,GCA_041228495.2,,,9.99e-09,1.76e-10,3.3500000000000002e-09,1.96e-23,,,1.34e-11,5.8499999999999994e-08,1.47e-15,2.8899999999999997e-21
GCA_033557675.1_ASM3355767v1_genomic,GCA_033557675.1,,,2.8700000000000005e-12,,,,4.69e-06,2.7900000000000002e-08,5.98e-06,7.92e-06,,1.4299999999999999e-08
GCA_031893035.2_CSIRO_AGI_Dalb_v1.1_genomic,GCA_031893035.2,,,9.65e-08,,,9.28e-08,,,9.33e-10,3.02e-06,2.34e-14,7.49e-26
GCA_965112505.1_icPriAter1.hap1.1_genomic,GCA_965112505.1,3.5299999999999995e-51,7.459999999999999e-68,7.97e-57,1.2999999999999997e-74,6.739999999999999e-70,6.679999999999999e-66,4.56e-74,5.62e-81,1.4599999999999997e-108,1.1499999999999996e-142,2.1999999999999994e-89,9.449999999999998e-90
GCA_045514875.1_ASM4551487v1_genomic,GCA_045514875.1,4.049999999999999e-27,1.85e-28,5.9599999999999994e-30,1.2499999999999999e-31,7.63e-27,1.89e-29,1.41e-27,6.1200000000000005e-27,7.359999999999998e-70,3.4299999999999995e-34,4.74e-39,4.95e-30
GCA_965287095.1_icCedAzor3.1_genomic,GCA_965287095.1,2.1099999999999996e-36,,,,1.83e-06,,,,4.42e-07,,2.1e-06,
GCA_033557855.1_ASM3355785v1_genomic,GCA_033557855.1,,,,,,,,,,,,
GCA_027574845.2_Caltech_Dero_1.0_genomic,GCA_027574845.2,1.48e-12,2.34e-11,5.3600000000000004e-20,4.33e-25,4.14e-29,2.11e-21,2.31e-12,3.78e-16,6.01e-28,2.49e-27,6.029999999999999e-35,3.8999999999999996e-30
GCA_964106875.1_icPlaAlbi1.hap1.1_genomic,GCA_964106875.1,3.2399999999999998e-15,3.36e-22,2.44e-19,1.06e-18,4.95e-28,4.79e-27,1.98e-32,7.83e-19,1.3199999999999998e-41,3.83e-34,1.05e-34,1.29e-26
GCA_965643515.1_icBruVill1.hap1.1_genomic,GCA_965643515.1,1.5900000000000002e-28,9.23e-43,2.18e-25,1.5199999999999998e-49,1.54e-44,3.879999999999999e-40,5.61e-49,3.39e-50,8.839999999999999e-89,1.9899999999999997e-55,2.2300000000000003e-56,1.0499999999999999e-35
GCA_963556235.1_icCryAcut1.1_genomic,GCA_963556235.1,2.08e-32,4.45e-43,7.7e-40,8.400000000000001e-52,1.56e-37,4.14e-41,2.8000000000000002e-55,1.21e-57,6.729999999999998e-74,3.5799999999999995e-66,1.7899999999999998e-60,3.3000000000000004e-57
GCA_965643585.1_icEulFili2.1_genomic,GCA_965643585.1,5.24e-32,4.6900000000000003e-60,2.0899999999999997e-35,1.0999999999999999e-53,1.41e-42,1.77e-38,5.19e-43,4.39e-46,8.739999999999999e-78,1.2699999999999997e-71,1.4599999999999998e-68,2.29e-58
GCA_933228885.1_icLeiSpin1.1_genomic,GCA_933228885.1,1.57e-06,,,,,,,,,,,
GCA_036711695.1_CSIRO_AGI_Zmor_V1_genomic,GCA_036711695.1,2.03e-47,3.5599999999999995e-71,2.9499999999999995e-53,2.4699999999999995e-77,5.079999999999999e-72,1.0899999999999999e-66,7.699999999999999e-82,1.6199999999999998e-80,1.6099999999999997e-118,6.859999999999998e-148,7.939999999999999e-91,9.549999999999999e-82
GCA_944738965.1_icNebBrev1.1_genomic,GCA_944738965.1,2.6699999999999997e-31,,,1.74e-06,,6.3900000000000005e-09,,,,,,
GCA_947310635.1_icLepHoch12.1_genomic,GCA_947310635.1,,,,,,,,,,,,
GCA_025400035.1_ASM2540003v1_genomic,GCA_025400035.1,,,,6.59e-06,1.7199999999999998e-21,1.8100000000000002e-09,,,1.46e-08,,4.02e-10,4.2200000000000007e-17
GCA_963921995.1_icOxyPomo2.1_genomic,GCA_963921995.1,,,,,,,1.1800000000000002e-19,,3.3799999999999997e-12,1.41e-07,,
GCA_963583935.1_icDiaBole1.1_genomic,GCA_963583935.1,5.759999999999999e-40,3.0799999999999995e-71,4.9e-56,6.099999999999999e-75,2.0199999999999995e-72,1.86e-65,2.96e-73,3.16e-74,8.129999999999998e-106,9.549999999999998e-150,1.3799999999999997e-86,8.15e-88
GCA_042919845.1_icPopJapo1.0.p_genomic,GCA_042919845.1,,,,,,,,,,,,
GCA_963978815.1_icAleCurt1.1_genomic,GCA_963978815.1,1.8000000000000002e-12,4.52e-15,6.63e-21,1.13e-15,5.32e-38,3.17e-20,4.559999999999999e-16,3.46e-11,8.53e-25,1.34e-12,1.11e-30,8.359999999999999e-23
GCA_040113315.1_ASM4011331v1_genomic,GCA_040113315.1,2.45e-06,1.1899999999999999e-08,,4.34e-09,6.57e-08,4.1399999999999994e-08,1.8799999999999998e-20,1.02e-11,1.86e-12,1.21e-18,4.78e-12,3.9e-08
GCA_963969555.1_icPolPter2.1_genomic,GCA_963969555.1,5.69e-07,3.43e-11,3.5700000000000003e-07,5.7e-13,4.37e-14,7.29e-16,2.29e-26,2.85e-14,1.7899999999999997e-21,3.3700000000000004e-17,3.89e-17,3.05e-13
GCA_044115325.1_icAgrSput4_p1.1_genomic,GCA_044115325.1,,,,6.34e-08,,1.45e-22,,5.23e-06,1.94e-15,2.52e-09,3.11e-09,1.33e-19
GCA_965212295.1_icRhaLign2.1_genomic,GCA_965212295.1,3.88e-08,1.32e-25,2.65e-26,1.26e-42,5.579999999999999e-17,1.9499999999999995e-76,1.1100000000000001e-12,1.15e-10,4.429999999999999e-57,9.669999999999999e-39,9.300000000000001e-56,1.31e-48
GCA_033557405.1_ASM3355740v1_genomic,GCA_033557405.1,,,3.0399999999999997e-15,,,,,,,,,
GCA_947369205.1_icCanRufa1.1_genomic,GCA_947369205.1,5.16e-12,4.309999999999999e-28,9.300000000000002e-28,1.84e-34,3.12e-19,4.03e-71,1.18e-13,3.13e-07,3.719999999999999e-42,6.35e-41,3.4699999999999996e-46,6.0999999999999995e-37
GCA_010091895.2_ASM1009189v2_genomic,GCA_010091895.2,,,,,,,,,,,,
GCA_910589415.1_icMalBipu1.1_genomic,GCA_910589415.1,4.03e-23,3.3399999999999994e-51,1.4399999999999998e-30,1.7900000000000001e-40,8.849999999999998e-36,7.69e-37,9.57e-44,2.18e-55,1.4899999999999998e-82,4.009999999999999e-70,3.9399999999999996e-59,3.39e-50
GCA_965642045.1_icMagCera1.1_genomic,GCA_965642045.1,,5.24e-09,,4.91e-09,1.79e-12,1.2500000000000001e-12,5.979999999999999e-23,1.9600000000000002e-13,5.55e-19,1.3900000000000001e-13,8.9e-16,6.980000000000001e-11
GCA_910593695.2_icOcyOlen1.2_genomic,GCA_910593695.2,,,2.42e-14,3.3200000000000006e-11,1.17e-06,2.2000000000000002e-08,1.4599999999999998e-07,1.8300000000000001e-10,3.5799999999999995e-11,4.36e-09,4.09e-14,6.679999999999999e-09
GCA_965601595.1_icPseCera1.hap1.1_genomic,GCA_965601595.1,1.2199999999999998e-46,6.519999999999999e-75,3.0899999999999997e-55,2.4699999999999996e-73,8.21e-72,7.259999999999998e-67,5.3599999999999994e-79,2.2999999999999997e-85,5.739999999999999e-114,1.2599999999999997e-140,6.579999999999999e-87,6.519999999999997e-84
GCA_910592335.1_icAdaBipu1.1_genomic,GCA_910592335.1,3.12e-39,0.0,8.019999999999999e-44,2.9199999999999997e-50,1.91e-37,3.18e-35,8.849999999999999e-50,1.57e-59,6.829999999999998e-69,1.32e-61,2.1699999999999996e-62,9.53e-51
GCA_040115645.1_ASM4011564v1_genomic,GCA_040115645.1,3.03e-11,1.4799999999999998e-32,1.8199999999999998e-13,4.649999999999999e-19,1.1199999999999999e-15,1.27e-21,3.2499999999999993e-72,7.42e-17,6.879999999999999e-35,4.12e-33,1.5399999999999998e-29,5.93e-29
GCA_039776855.1_ASM3977685v1_genomic,GCA_039776855.1,2.4299999999999996e-29,2.58e-50,2.76e-35,3.0500000000000003e-59,2.0600000000000003e-45,1.9499999999999998e-54,6.98e-52,4.249999999999999e-64,1.8999999999999996e-91,1.0499999999999997e-81,9.309999999999998e-62,8.27e-55
GCA_047371185.1_Nacu_1.0_genomic,GCA_047371185.1,1.7699999999999997e-51,5.579999999999999e-62,4.86e-54,2.1599999999999996e-83,7.129999999999999e-60,7.869999999999998e-78,2.8799999999999998e-92,2.06e-89,0.0,7.699999999999998e-111,7.079999999999999e-92,5.5199999999999994e-80
GCA_031763485.1_ASM3176348v1_genomic,GCA_031763485.1,,,,,,,,,,,,
GCA_964197645.1_icAbaPara2.1_genomic,GCA_964197645.1,2.4900000000000005e-12,,,5.62e-06,3.72e-06,,,,5.6100000000000006e-08,,5.0999999999999993e-08,8.31e-06
GCA_046424425.1_ASM4642442v1_genomic,GCA_046424425.1,1.06e-38,0.0,2.9399999999999995e-48,3.6399999999999997e-56,1.1599999999999999e-35,2.0899999999999996e-43,1.0499999999999999e-54,2.03e-61,3.719999999999999e-74,2.1299999999999995e-64,9.959999999999997e-71,4.1700000000000003e-51
GCA_965643785.1_icMicPygm2.1_genomic,GCA_965643785.1,,4e-14,1.9800000000000002e-15,2.39e-26,1.68e-15,2.7999999999999996e-16,1.6899999999999997e-09,6.32e-16,3.39e-20,4.8500000000000004e-18,3.11e-28,3.52e-28
GCA_013387265.2_ASM1338726v2_genomic,GCA_013387265.2,3.65e-29,3.249999999999999e-139,2.6400000000000002e-36,9.33e-48,2.3900000000000002e-23,5.579999999999999e-37,8.819999999999999e-49,5.27e-41,1.98e-58,9.24e-37,9.37e-52,3.73e-24
GCA_963243735.1_icNeoTran1.1_genomic,GCA_963243735.1,9.009999999999998e-41,8.43e-47,1.3099999999999999e-39,4.5299999999999994e-45,2.77e-29,3.4499999999999995e-46,4.94e-45,1e-42,3.47e-88,6.159999999999999e-72,6.489999999999999e-58,9.34e-48
GCA_022063505.1_RBINS_Cgran_v1_genomic,GCA_022063505.1,1.45e-24,5.37e-14,,,1.64e-06,,1.45e-07,,1.16e-11,2.64e-07,2.96e-07,
GCA_032191705.1_ASM3219170v1_genomic,GCA_032191705.1,2.72e-07,9.05e-07,1.74e-26,2.17e-11,4.839999999999999e-07,4.6900000000000004e-12,4.1100000000000004e-08,9.7e-08,5.650000000000001e-20,1.06e-09,7.07e-22,1.8800000000000002e-11
GCA_046237675.1_kiba_001_genomic,GCA_046237675.1,,,,,,,,,1.64e-06,,,
GCA_964656385.1_icColElon2.1_genomic,GCA_964656385.1,2.2299999999999998e-44,1.3499999999999998e-72,1.0099999999999997e-55,5.239999999999999e-79,3.61e-61,4.37e-74,1.2699999999999999e-81,7.509999999999999e-80,1.7799999999999994e-124,3.18e-138,1.7999999999999997e-101,2.689999999999999e-76
GCA_042257705.1_ASM4225770v1_genomic,GCA_042257705.1,1.32e-43,9.529999999999999e-72,2.89e-61,1.9499999999999996e-78,3.939999999999999e-73,3.3299999999999995e-72,1.8699999999999998e-81,4.649999999999999e-82,2.1399999999999993e-120,9.619999999999998e-155,3.499999999999999e-92,8.349999999999999e-83
GCA_037414775.1_ASM3741477v1_genomic,GCA_037414775.1,3.48e-42,3.6e-64,2.2e-45,2.56e-58,2.3999999999999996e-55,3.8000000000000003e-57,5.989999999999999e-67,3.8699999999999995e-67,8.209999999999998e-95,1.0099999999999997e-96,2.1599999999999997e-72,2.9099999999999994e-63
GCA_040182625.1_Cmac_2024_genomic,GCA_040182625.1,6.440000000000001e-20,1.04e-35,9.76e-24,1.15e-42,7.020000000000001e-45,2.48e-32,8.58e-49,9.719999999999999e-51,1.6399999999999996e-94,2.1499999999999997e-59,8.15e-57,3.4299999999999994e-36
GCA_964243895.1_icAnaFron3.hap1.1_genomic,GCA_964243895.1,2.1199999999999996e-44,1.0299999999999999e-74,8.06e-60,4.0599999999999986e-64,1.6599999999999996e-61,2.9699999999999998e-61,1.59e-74,1.3499999999999998e-77,1.4799999999999997e-108,1.9399999999999993e-117,3.79e-83,2.2599999999999996e-84
GCA_027574705.1_ASM2757470v1_genomic,GCA_027574705.1,,,,,,,,,,,,
GCA_023509865.1_ZAFU_TdicV1_genomic,GCA_023509865.1,,,,,,,,,,,,
GCA_951802165.1_icAdaDece3.1_genomic,GCA_951802165.1,5.44e-40,0.0,1.1299999999999999e-41,6.549999999999999e-52,6.68e-39,1.47e-34,5.029999999999999e-51,1.25e-58,4.929999999999999e-71,1.5099999999999997e-64,3.6099999999999994e-62,8.289999999999998e-52
GCA_044734065.1_CalWil_1.1_genomic,GCA_044734065.1,3.61e-26,4.769999999999999e-12,,,4.77e-07,,,,,,1.39e-06,2.99e-06
GCA_964277315.1_icTarCana1.1_genomic,GCA_964277315.1,8.05e-49,1.1999999999999998e-72,1.1199999999999999e-62,2.2099999999999997e-82,9.129999999999999e-64,1.08e-74,2.0299999999999997e-102,1.8399999999999995e-83,4.1099999999999993e-129,4.559999999999998e-143,1.09e-103,9.589999999999997e-86
GCA_958510865.1_icMyrOcto1.1_genomic,GCA_958510865.1,3.71e-40,0.0,3.9499999999999996e-47,1.47e-54,2.09e-34,3.7799999999999996e-38,4.67e-56,1.6699999999999998e-66,3.9299999999999992e-81,1.0099999999999998e-69,1.3599999999999998e-66,3.77e-53
GCA_013841185.1_ASM1384118v1_genomic,GCA_013841185.1,7.03e-39,2.64e-54,1.6e-40,5.24e-60,6.55e-45,1.6699999999999997e-64,1.9199999999999995e-66,1.1499999999999998e-65,8.559999999999997e-95,5.1599999999999996e-89,4.67e-72,7.62e-59
GCA_949128085.1_icCetAura1.1_genomic,GCA_949128085.1,,,,,,,,,,,,
GCA_037114965.1_ASM3711496v1_genomic,GCA_037114965.1,1.9199999999999997e-44,4.1399999999999986e-72,4.65e-52,2.8699999999999995e-75,2.36e-62,3.079999999999999e-77,8.14e-91,6.929999999999998e-95,0.0,2.9399999999999994e-108,1.4599999999999998e-86,2.7099999999999993e-70
GCA_051167335.1_ASM5116733v1_genomic,GCA_051167335.1,7.46e-39,1.5099999999999996e-55,5.34e-42,1.0399999999999998e-58,6.469999999999999e-44,1.86e-60,2.6699999999999995e-63,9.669999999999998e-64,8.529999999999998e-95,1.4299999999999998e-87,2.2799999999999997e-71,1.2699999999999998e-57
GCA_964234815.1_icAmpSanu1.hap1.1_genomic,GCA_964234815.1,,4.1799999999999994e-11,2.8899999999999997e-09,4.0499999999999997e-16,1.4e-13,2.56e-40,1.84e-09,1.65e-09,2.5099999999999997e-20,1.69e-22,2.13e-20,1.1199999999999999e-23
GCA_910591675.1_Galerucella_calmariensis_genome_assembly_genomic,GCA_910591675.1,1.26e-28,5.070000000000001e-44,3.08e-35,4.74e-38,1.85e-32,1.2999999999999999e-27,1.3699999999999998e-33,2.7e-24,5.099999999999999e-75,1.88e-45,3.64e-40,3.15e-39
GCA_027575185.1_ASM2757518v1_genomic,GCA_027575185.1,1.29e-13,3.5399999999999996e-20,3.39e-08,9.46e-19,2.5099999999999995e-24,2.26e-26,8.210000000000001e-10,1.31e-14,6.22e-31,4.9200000000000003e-17,6.93e-24,1.92e-17
GCA_965615805.1_icCreFulv2.1_genomic,GCA_965615805.1,1.22e-18,7.75e-31,6.09e-34,1.42e-29,2.3e-25,3.96e-32,2.97e-40,3.43e-35,1.2399999999999998e-85,4.3800000000000004e-54,7.98e-43,3.3e-34
GCA_019359885.1_ASM1935988v1_genomic,GCA_019359885.1,1.33e-10,3.27e-10,8.45e-07,3.63e-13,3.4299999999999997e-15,4.91e-12,1.78e-23,2.03e-10,6.61e-19,1.55e-17,3.35e-20,1.28e-12
GCA_951812265.1_icTapBico1.1_genomic,GCA_951812265.1,4.3799999999999994e-11,2.83e-19,2.54e-17,2.27e-19,1.9699999999999997e-13,2.2900000000000002e-20,4.97e-47,4.26e-19,6.86e-40,1.6699999999999999e-25,1.21e-28,2.28e-23
GCA_917563865.1_PGI_PHYECR_V1_genomic,GCA_917563865.1,3.13e-22,2.0199999999999998e-42,9.55e-34,2.06e-34,4.08e-25,1.54e-35,2.21e-36,1.4599999999999999e-31,1.7799999999999996e-70,4.7099999999999995e-53,1.2099999999999999e-42,3e-31
GCA_964204715.1_icAnaRegi1.1_genomic,GCA_964204715.1,5.23e-46,3.219999999999999e-74,6.689999999999999e-62,3.8699999999999996e-63,1.9399999999999996e-63,8.869999999999998e-60,6.24e-72,9.61e-78,1.4899999999999997e-111,8.739999999999999e-116,1.4599999999999997e-81,5.329999999999999e-78
GCA_051122355.1_ASM5112235v1_genomic,GCA_051122355.1,,,,,8.35e-15,,,,,8.02e-06,5.749999999999999e-09,
GCA_043773905.1_icDicDila1.0.p_genomic,GCA_043773905.1,1.9300000000000003e-21,2.94e-06,,,,3.45e-06,1.91e-07,,,,,
GCA_015345945.1_Tmad_KSU_1.1_genomic,GCA_015345945.1,8.63e-39,4.22e-65,5.38e-51,4.5999999999999997e-60,1.44e-60,2.5099999999999998e-54,3.4099999999999994e-70,1.8199999999999997e-79,2.78e-117,0.0,2.5899999999999992e-83,8.42e-69
GCA_027574945.2_Caltech_Ener_1.0_genomic,GCA_027574945.2,1.02e-08,,1.49e-06,2.15e-08,4.5e-16,7.45e-09,,5.94e-06,8.18e-10,4.52e-10,7.000000000000001e-26,
GCA_050242995.1_icPlaGerm1_p1.1_genomic,GCA_050242995.1,,,,,,,,,,,,
GCA_030704895.1_SYSU_HVIGI_v1.0_genomic,GCA_030704895.1,1.9199999999999998e-40,1.6699999999999995e-158,3.41e-39,1e-46,5.589999999999999e-33,1.9699999999999996e-41,2.54e-53,5.54e-59,2.9599999999999996e-75,6.489999999999999e-62,6.4e-54,1.25e-47
GCA_964263285.1_icMalMini1.1_genomic,GCA_964263285.1,1.2e-06,2.2999999999999998e-08,1.82e-07,3.8100000000000003e-16,8.029999999999999e-10,5.400000000000001e-28,1.8e-09,1.7399999999999998e-09,9.01e-16,8.780000000000001e-18,5.99e-24,3.23e-23
GCA_907165205.1_icCocSept1.1_genomic,GCA_907165205.1,4.09e-39,0.0,3.3999999999999997e-43,8.34e-58,2.7899999999999997e-35,1.82e-41,1.35e-54,8.66e-61,1.2099999999999997e-75,2.05e-60,3.3899999999999995e-62,4.26e-49
GCA_026230145.1_icDioElon1.1_genomic,GCA_026230145.1,3.2900000000000004e-28,2.49e-46,1.1999999999999999e-41,2.84e-47,4.77e-33,2.1899999999999994e-35,3.86e-50,2.0899999999999995e-39,1.0599999999999997e-83,3.2399999999999997e-50,1.53e-44,9.48e-44
GCA_015342025.1_ASM1534202v1_genomic,GCA_015342025.1,1.15e-42,1.02e-60,2.9299999999999995e-50,1.4699999999999996e-76,2.38e-58,3.549999999999999e-69,9.789999999999999e-87,1.2199999999999999e-85,0.0,1.4599999999999997e-108,7.989999999999999e-85,6.869999999999999e-76
GCA_965642415.1_icHarQuad1.hap1.1_genomic,GCA_965642415.1,3.66e-30,0.0,1.2099999999999998e-35,1.32e-40,7.8e-28,1.2399999999999999e-39,4.35e-45,4.5700000000000005e-54,1.3999999999999997e-72,2.1000000000000002e-58,6.609999999999999e-53,8.769999999999999e-46
GCA_038502775.1_Hcon_USA_1_genomic,GCA_038502775.1,5.22e-38,0.0,9.13e-46,4.36e-55,7.199999999999999e-41,5.75e-48,3.829999999999999e-53,2.6499999999999994e-62,7.349999999999998e-77,2.4899999999999998e-62,1.2599999999999998e-73,1.57e-55
GCA_965641385.1_icCryLapa1.hap1.1_genomic,GCA_965641385.1,,1.7300000000000002e-17,3.09e-11,7.5e-17,1.35e-14,3.66e-20,3.76e-44,6.3999999999999996e-21,2.3999999999999997e-27,9.37e-26,9.660000000000001e-19,1.15e-14
GCA_049176215.1_ASM4917621v1_genomic,GCA_049176215.1,4.41e-09,4.8399999999999994e-21,1.86e-14,4.309999999999999e-12,2.4300000000000003e-12,1.72e-23,3.4899999999999996e-68,8.479999999999999e-19,3.92e-37,2.44e-31,2.7e-33,1.52e-19
GCA_958298965.1_icChrHaem1.1_genomic,GCA_958298965.1,2.24e-46,4.039999999999999e-66,2.95e-54,6.959999999999999e-81,8.26e-60,6.909999999999998e-71,4.0099999999999996e-84,5.849999999999999e-86,0.0,1.7299999999999996e-103,1.6699999999999998e-84,3.0399999999999995e-80
GCA_963921935.1_icGalLati1.1_genomic,GCA_963921935.1,3.0799999999999995e-37,2.5099999999999995e-44,6.749999999999999e-38,1.3599999999999999e-46,1.59e-35,4.97e-33,1.0800000000000002e-45,2.3699999999999997e-37,1.9699999999999997e-86,3.6200000000000003e-53,6.299999999999999e-46,1.7e-41
GCA_958510845.1_icCanNigr2.1_genomic,GCA_958510845.1,,2.4600000000000004e-25,1.7500000000000002e-24,5.99e-28,2.1899999999999995e-19,3.0699999999999995e-55,2.66e-11,,6.12e-41,1.8199999999999998e-37,6.37e-38,7.44e-32
GCA_944588485.1_icSilAtra2.1_genomic,GCA_944588485.1,,,,,1.8600000000000002e-15,,,3.68e-06,1.37e-07,,1.27e-09,4.75e-06
